ID;JP;JP_KANA;RU
1;相変わらず;あいかわらず;по-прежнему, по-старому, как всегда
2;;アイディア;идея, замысел, намерение
3;曖昧;あいまい;неясный, туманный, рассеянный, двусмысленный, подозрительный
4;遭う;あう;иметь опыт, сталкиваться с ч-л
5;扇ぐ;あおぐ;раздуть, обмахнуть, веять
6;青白い;あおじろい;бледный, тусклый (зеленовато-белый)
8;明き;あき;пустота, свободное время, вакансия 
9;呆れる;あきれる;быть шокированным, чувствовать отвращение
10;;アクセント;акцент, ударение
11;;あくび;зевота, зевок, зевание
12;飽くまで;あくまで;до конца, до крайних пределов, до отвращения
13;明け方;あけがた;рассвет
14;揚げる;あげる;жарить во фритюре
15;挙げる;あげる;поднять, повысить, возвысить, приводить (пример)
16;憧れる;あこがれる;жаждать, мечтать, тосковать, обожать
17;足跡;あしあと;следы (ног, лап)
18;味わう;あじわう;вкусить, попробовать, пережить, испытать, чувствовать
19;預かる;あずかる;взять на хранение, взять под присмотр
20;暖まる;あたたまる;согреваться, греться
21;暖める;あたためる;нагревать, подогревать, греть
22;当たり前;あたりまえ;нормальный, естественный, должный, разумный
23;;あちらこちら;тут и там, всюду, местами
24;厚かましい;あつかましい;бесстыжий, бессовестный, нахальный, наглый, дерзкий
25;圧縮;あっしゅく;сжатие (в том числе файлов), конденсирование, прессовка
26;宛名;あてな;адрес, адресат, получатель
27;当てはまる;あてはまる;быть применимым, подходить, соответствовать
28;当てはめる;あてはめる;применять
29;暴れる;あばれる;драться, биться, буянить, скандалить
30;脂・油;あぶら;жир, масло, смазка
31;;あぶる;обжаривать, жарит, печь, греть
32;溢れる;あふれる;наводняться, переполняться, наполниться, быть переполненным
33;雨戸;あまど;ставня
34;甘やかす;あまやかす;баловать, портить
35;余る;あまる;оставаться, быть в избытке
36;編物;あみもの;вязание, плетение
37;編む;あむ;вязать, плести
38;危うい;あやうい;опасный, рискованный, ненадежный
39;怪しい;あやしい;подозрительный, сомнительный, загадочный
40;荒い・粗い;あらい;грубый, резкий, суровый
41;粗い;あらい;грубый (о поверхности, работе), крупный (об узоре), редкий (о сети)
42;粗筋;あらすじ;конспект, план, краткое содержание
43;争う;あらそう;спорить, соревноваться, ссориться
44;改めて;あらためて;опять, снова
45;改める;あらためる;менять, исправлять, улучшать
46;著す;あらわす;публиковать, писать
47;有難い;ありがたい;желанный, хороший, добрый, благодарный
48;在る;ある;быть, иметься, находиться
49;;あれこれ;это и то, одно или другое
50;慌ただしい;あわただしい;торопливый, поспешный, взволнованный
51;慌てる;あわてる;суетиться, быть растерянным
52;安易;あんい;легкий, простой, легкомысленный
53;案外;あんがい;неожиданный, непредвиденный
54;;アンテナ;антенна
55;言い出す;いいだす;высказать, предложить, заговорить, начать говорить
56;言い付ける;いいつける;указывать, приказывать, докладывать
57;意義;いぎ;значимость, значение
58;生き生き;いきいき;живой, оживленный
59;;いきなり;резко, внезапно, неожиданно
60;育児;いくじ;воспитание ребенка
61;幾分;いくぶん;в некоторой степени, некоторая часть
62;生け花;いけばな;икебана, искусство икебаны
63;以後;いご;после этого, в будущем, отныне
64;以降;いこう;после чего-то, со времени чего-то, с тех пор
65;;イコール;равный
66;勇ましい;いさましい;храбрый, доблестный, смелый, мужественный
67;衣食住;いしょくじゅう;первичные потребности (одежда, пища, жилище)
68;意地悪;いじわる;злобный, злой, недобрый
69;;いちいち;по одному, один за другим
70;一応;いちおう;один раз, пока, в данное время
71;一段と;いちだんと;ещё больше
72;一流;いちりゅう;первоклассный, первостепенный
73;佚;いつ;удобный, расслабляющий
76;一斉;いっせい;одновременно, все сразу, хором
77;一旦;いったん;однажды, временно, пока что
78;一定;いってい;установленный, регулярный, определенный
79;;いってらっしゃい;Счастливого пути!, Удачного дня! Увидимся!
80;;いってまいります;Я пошел! Увидимся позже!
81;;いつのまにか;незаметно, пока никто не знает
82;移転;いてん;перенос, переезд
83;井戸;いど;колодец
84;緯度;いど;географическая широта, параллель
86;威張る;いばる;гордиться, важничать, хвастаться
87;嫌がる;いやがる;не любить, ненавидеть
88;;いよいよ;все больше и больше, в конце концов
89;煎る・炒る;いる;жарить, зажарить
90;入れ物;いれもの;контейнер, резервуар, сосуд
91;;インく;чернила
92;;インタビュー;интервью
93;引力;いんりょく;притяжение, сила тяжести
94;;ウーマン;женщина
95;;ウール;шерсть
96;;ウエートレス;официантка
97;植木;うえき;садовое растение
98;飢える;うえる;голодать, быть голодным, сильно жаждать
99;浮ぶ;うかぶ;всплывать, плыть, держаться на воде, приходить в голову, вспомниться
100;浮かべる;うかべる;спустить на воду, двигать по воде, вспомнить, представлять
101;浮く;うく;выплыть, плыть, быть в хорошем настроении
102;承る;うけたまわる;(скромно.) слышать, знать, получить (совет, информацию)
103;受取;うけとり;получение, принятие
104;受け持つ;うけもつ;отвечать, нести ответственность
105;薄暗い;うすぐらい;тусклый, темноватый, сумеречный
106;薄める;うすめる;разбавлять, сделать бледнее(тоньше, светлее)
107;打合せ;うちあわせ;договоренность, предварительное соглашение
108;打ち消す;うちけす;отрицать, отвергать, опровергать
109;討つ;うつ;атаковать, нападать, разрушать, уничтожать
110;;うっかり;небрежно, невнимательно, рассеянно, беспечно
111;映す;うつす;проецировать, отражать
112;写る;うつる;фотографировать, снять копию, дублировать, имитировать
115;有無;うむ;присутствие или отсутствие, да или нет, наличие
116;埋める;うめる・うずめる;зарыть, закопать, похоронить, наполнить
117;敬う;うやまう;уважать, почитать, поклоняться
118;裏返す;うらがえす;выворачивать наизнанку, переворачивать, перелицевать
119;裏口;うらぐち;чёрный ход
120;占う;うらなう;гадать, предсказывать
121;恨み;うらみ;обида, горечь, досада, злоба, ненависть вражда
122;恨む;うらむ;притаить злобу, сердиться
123;羨ましい;うらやましい;завидный
124;羨む;うらやむ;завидовать
125;売上;うりあげ;продажи, выручка от продаж
126;売り切れ;うりきれ;распродано
127;売り切れる;うりきれる;быть распроданным
128;売行き;うれゆき;продажи, спрос
129;;うろうろ;паниковать, растеряться, не находить себе места, слоняться, шататься
130;運河;うんが;канал (водный)
131;;うんと;упорно, настойчиво, изо всех сил, старательно
132;英文;えいぶん;предложение, произведение на английском языке
133;英和;えいわ;англо-японский (напр., словарь)
135;液体;えきたい;жидкий, жидкость
136;;エチケット;этикет
137;絵の具;えのぐ;краска
138;;エプロン;фартук
139;偉い;えらい;великий, выдающийся, известный, сильный, здорово!
140;宴会;えんかい;вечеринка, банкет
141;園芸;えんげい;садоводство
142;演劇;えんげき;драма, пьеса, представление, театр
143;円周;えんしゅう;окружность, периферия
144;遠足;えんそく;экскурсия, поездка, дальняя прогулка
145;延長;えんちょう;удлинение, расширение, пролонгация, длина
146;煙突;えんとつ;дымовая труба
147;追い掛ける;おいかける;гнаться, преследовать, догонять
148;追い越す;おいこす;перегнать, обогнать, опередить
149;;オイル;масло, нефть, топливо, бензин
150;応援;おうえん;помощь, поддержка, подкрепление
151;王女;おうじょ;принцесса
152;応ずる;おうずる;отвечать, подходить, устраивать
153;応接;おうせつ;прием, получение
154;応対;おうたい;получение, иметь дело с
155;往復;おうふく;туда и обратно (билет, поездка)
156;欧米;おうべい;Европа и Америка, Запад
157;応用;おうよう;применение, практическое использование
158;;オーケストラ;оркестр
159;;おおざっぱ;приблизительный, неточный, схематичный
160;大通り;おおどおり;главная улица, широкая дорога, проспект
161;;オートメーション;автоматизация
162;;オーバーコート;пальто, шинель
163;大凡;おおよそ;около, приблизительно, почти
164;お帰り;おかえり;возвращение
165;;おかけください;Садитесь, пожалуйста!
166;;おかげさまで;Спасибо! Благодаря вам! С Божьей помощью
167;;おかず;гарнир, пища для размышлений
168;拝む;おがむ;молиться
169;お代わり;おかわり;добавка, дополнительная порция
170;補う;おぎなう;компенсировать, добавлять, восполнять, наверстать
171;お気の毒に;おきのどくに;Мои соболезнования, Сожалею!
172;屋外;おくがい;на улице, вне дома, на открытом воздухе
174;送り仮名;おくりがな;окончание слова, написанное каной после иероглифа
176;怠る;おこたる;лениться, небрежно относиться
177;押える;おさえる;нажать, схватиться, удержать, надавать, схватить, арестовать, скрутить
178;お先に;おさきに;перед, предыдущий, извините, что ухожу первым
179;納める;おさめる;вносить, платить, снабжать, заканчивать, достигать
180;治める;おさめる;управлять, усмирять, уладить
181;惜しい;おしい;дорогой, ценный, жаль
182;御辞儀;おじぎ;поклон
186;;おしゃれ;стильный, модный, хорошо одетый
187;;おじゃまします;Извините, что отвлекаю
188;教わる;おそわる;учиться, обучиться, брать уроки
189;;おだいじに;Скорейшего выздоровления!
190;落着く;おちつく;успокаиваться, приходить в себя
191;手洗い;てあらい;туалет, умывальник
192;お出掛け;おでかけ;готовность к выходу
193;お手伝いさん;おてつだいさん;домработница
194;脅かす;おびやかす;угрожать, пугать
195;落し物;おとしもの;потерянная вещь
196;大人しい;おとなしい;спокойный, послушный
197;驚かす;おどろかす;удивлять, поражать, ошеломлять, пугать
199;各々;おのおの;каждый, всякий
203;お参り;おまいり;посещение храма, поклонение
204;;おまたせしました;Спасибо за ожидание
205;;おまちください;Пожалуйста, подождите минутку!
206;;おまちどおさま;Извините, что заставил вас ждать
207;;おめでたい;счастливый, радостный
208;思い掛けない;おもいかけない;неожиданный, случайный, непредвиденный
209;思い込む;おもいこむ;быть под впечатлением, твердо верить, полагать
210;思いっ切り;おもいっきり;неожиданный, случайный
211;思い付く;おもいつく;придумать, затеять, прийти в голову
212;重たい;おもたい;тяжелый, массивный, серьёзный, важный, строгий
214;;おやつ;перекус, полдник
215;親指;おやゆび;большой палец
216;;オルガン;орган (муз. инструмент) 
217;卸す;おろす;продавать оптом, тереть (на терке), подсекать рыбу
218;恩恵;おんけい;одолжение, благодеяние, выгода
219;温室;おんしつ;оранжерея, теплица, парник
220;温泉;おんせん;горячий минеральный источник
221;温帯;おんたい;умеренный пояс
223;蚊;か;комар, москит
224;;カーブ;изгиб, искривление, поворот, кривая
225;貝;かい;ракушка, моллюск
226;開会;かいかい;открытие (собрания)
227;会館;かいかん;зал, помещение, дом, дворец
228;改札;かいさつ;проверка билетов
2028;改札口;かいさつぐち;турникет
229;解散;かいさん;роспуск, распад, расформирование
230;海水浴;かいすいよく;купание в море
231;回数;かいすう;частота, частотность, количество раз
232;回数券;かいすうけん;книга с отрывными билетами
233;改正;かいせい;исправление, изменение, поправка, пересмотр, улучшение
234;快晴;かいせい;хорошая погода
235;解説;かいせつ;пояснение, комментарий, толкование
236;改造;かいぞう;реконструкция, реорганизация, модернизация
237;開通;かいつう;открытие, запуск, приведение в действие
238;回転;かいてん;вращение, поворот, оборот
239;解答;かいとう;ответ, решение
240;回答;かいとう;ответ, разъяснение
241;外部;がいぶ;внешняя часть, наружная сторона
242;解放;かいほう;освобождение, раскрепощение, эмансипация
243;開放;かいほう;открытие, расчистка
244;海洋;かいよう;океан
245;概論;がいろん;введение, очерк
246;帰す;かえす;отправлять обратно, возвратить домой
247;却って;かえって;наоборот, напротив, скорее
248;代える;かえる;менять, заменят
249;反る;かえる;возвращаться
250;家屋;かおく;дом, здание, строение
251;係わる;かかわる;иметь отношение, касаться, оказать влияние
252;書留;かきとめ;заказная почта
253;書取;かきとり;диктовка, диктант
254;垣根;かきね;забор, изгородь, ограда
255;掻く;かく;чесать, скрести, грести
256;嗅ぐ;かぐ;нюхать, чувствовать запах
257;架空;かくう;надземный, подвесной, воздушный, вымышленный, фиктивный
258;各自;かくじ;каждый, индивидуально
259;拡充;かくじゅう;расширение, распространение
260;学術;がくじゅつ;наука, учение
261;各地;かくち;каждое место, разные места
262;拡張;かくちょう;увеличение, расширение, экспансия
263;角度;かくど;мат. угол
264;学年;がくねん;учебный год, класс, курс
266;格別;かくべつ;исключительный, особенный
267;確率;かくりつ;вероятность, шанс
268;学力;がくりょく;научные познания, эрудиция
269;掛け算;かけざん;умножение
270;可決;かけつ;утверждение, одобрение, принятие
271;火口;かこう;кратер
272;下降;かこう;спад, понижение, спуск, снижение
273;重なる;かさなる;громоздиться, следовать один за другим, лежать один на другом, совпадать, накладываться
274;重ねる;かさねる;сложить, положить друг на друга, нагромоздить, наносить одно поверх другого
275;飾り;かざり;украшение
276;火山;かざん;вулкан
277;;かしこまりました;Будет исполнено!
278;貸し出し;かしだし;ссуда, займ, отдача во временное пользование
279;過失;かしつ;ошибка, дефект, промах, упущение
280;果実;かじつ;фрукт, орех, ягода, плод, прибыть
281;貸間;かしま;комната в аренду
282;貸家;かしや;дом в аренду
283;個所・箇所;かしょ;проход, место, часть, пункт, участок
284;過剰;かじょう;излишек, избыток
285;齧る;かじる;жевать, откусывать, грызть
286;課税;かぜい;налог, пошлина, обложение налогом
287;下線;かせん;подчеркивание, подчеркивающая линия
288;;カセット;кассета, картридж (игровой)
289;加速;かそく;ускорение, увеличение скорости, разгон
290;加速度;かそくど;ускорение, акселерация
291;堅い;かたい;прочный, надежный
293;片付く;かたづく;быть в порядке, быть решенным, быть улаженным
294;塊;かたまり;глыба, ком, груда, сгусток, толпа
295;固まる;かたまる;затвердеть, окрепнуть, сгуститься, свернуться
296;片道;かたみち;дорога в одну сторону
297;傾く;かたむく;наклониться, перекоситься, перевесить
298;片寄る;かたよる;наклониться, склонить, дать крен, быть расположенным (к чему-то)
299;学科;がっか;учебный курс
300;学会;がっかい;научное общество, научное собрание, научная конференция
301;楽器;がっき;музыкальный инструмент
302;学級;がっきゅう;класс, курс
303;担ぐ;かつぐ;носить на плечах, выдвинуть, поставить во главе, обманывать, подшучивать
304;括弧;かっこ;скобки
305;活字;かつじ;шрифт, литера
306;活躍;かつやく;активность, деятельность, быть активным, играть активную роль
307;活力;かつりょく;живучесть, живость, энергия, динамичность
308;仮定;かてい;гипотеза, предположение, допущение
309;過程;かてい;процесс, механизм, ход
310;課程;かてい;курс обучения, учебный план, программа
311;仮名;かめい;псевдоним, вымышленное имя, прозвище
312;仮名遣い;かなづかい;написание каной, слоговое написание
313;鐘;かね;колокол
314;加熱;かねつ;нагрев, нагревание
315;兼ねる;かねる;быть неспособным для, совмещать в себе, служить в качестве 2 функций
316;;カバー;обложка, обертка, чехол, кожух, покрывало
317;過半数;かはんすう;большинство, большая часть
318;被せる;かぶせる;закрыть, покрыть, накрыть
319;釜;かま;котел, кипятильник
320;紙屑;かみくず;макулатура, бумажный мусор, обрывки бумаги
321;神様;かみさま;Бог
322;剃刀;かみそり;бритва
323;;ガム;жевательная резинка
324;貨物;かもつ;груз, багаж, товар
325;痒い;かゆい;зудящий, чешущийся
326;歌謡;かよう;песня, баллада
327;殻;から;шелуха, кожура, скорлупа, раковина
328;;カラー;цвет, цветной, воротник
329;;からかう;подшучивать, подтрунивать, насмехаться, дразнить
330;空っぽ;からっぽ;пустой, незаполненный, полый, свободный
331;;カルタ;карточная игра
332;枯れる;かれる;засохнуть, высохнуть, завять
333;;カロリー;калории
334;可愛がる;かわいがる;любить, баловать
335;乾かす;かわかす;сушить, просушить, высушить
336;渇く;かわく;испытывать жажду, хотеть пить
337;為替;かわせ;денежный перевод, обмен (напр. валюты)
338;瓦;かわら;черепица
339;代る;かわる;замещать, заменять, смениться
340;間隔;かんかく;промежуток, интервал, дистанция, расстояние
341;換気;かんき;вентиляция, проветривание
342;感激;かんげき;глубокое впечатление, восторг, восхищение
343;関西;かんさい;Кансаи (юго-западная часть Японии)
344;鑑賞;かんしょう;чувство вкуса, оценка, наслаждение
345;感ずる;かんずる;чувствовать, ощущать
346;間接;かんせつ;косвенность, косвенный, непрямой
347;乾燥;かんそう;сушка, сухость, высушивание
348;感想;かんそう;впечатление
349;観測;かんそく;наблюдение
350;寒帯;かんたい;полярная зона, арктический пояс
351;官庁;かんちょう;государственное учреждение
352;勘違い;かんちがい;неправильное понимание, ошибочное представление, недоразумение
353;缶詰;かんづめ;консервы, консервирование
354;乾電池;かんでんち;сухая батарейка
355;関東;かんとう;Канто (восточная часть Японии)
356;観念;かんねん;идея, понятие, догадка, чувство, сознание, готовность
357;乾杯;かんぱい;выпить за что-то, Кампай! (тост, когда пьют)
358;看板;かんばん;вывеска, рекламный щит
359;看病;かんびょう;уход за больным
360;冠;かんむり;корона, венец
361;漢和;かんわ;Китай и Япония, китайско-японский
362;気圧;きあつ;атмосферное давление
364;着替え;きがえ;переодевание, запасная одежда
365;機関車;きかんしゃ;локомотив, двигатель
366;飢饉;ききん;голод, неурожай, недостаток, нехватка
367;器具;きぐ;прибор, инструмент, аппаратура, посуда
368;期限;きげん;период, срок
369;記号;きごう;символ, код, знак, эмблема
370;刻む;きざむ;крошить, раздробить, нашинковать, вырезать, гравировать
371;儀式;ぎしき;церемония, ритуал, торжество
372;基準・規準;きじゅん;стандарт, основа, критерий, норма
373;起床;きしょう;утренний подъем, вставать с кровати
374;着せる;きせる;надеть на кого-то, одеть во что-то, покрыть, наложить, оклеить
375;基礎;きそ;основа, фундамент, базис
376;気体;きたい;газ, газообразное тело
377;基地;きち;база (напр. военная), оплот
378;;きっかけ;шанс, начало, случай, повод
379;;ぎっしり;плотно, тесно
380;基盤;きばん;основание, базис, фундамент
381;客席;きゃくせき;место для гостей, аудитория
382;客間;きゃくま;гостиная, гостевая комната
383;;ギャング;гангстер, бандит
384;;キャンパス;кампус
385;休業;きゅうぎょう;перерыв, временное прекращение работы, выходной
386;休講;きゅうこう;пропуск лекции
387;休息;きゅうそく;отдых, расслабление
388;給与;きゅうよ;зарплата, содержание, снабжение
389;休養;きゅうよう;отдых, перерыв, восстановление сил
390;清い;きよい;чистый, невинный, неиспорченный, непорочный
391;強化;きょうか;усиление, укрепление
392;境界;きょうかい;граница, рубеж, предел
393;行事;ぎょうじ;событие
394;恐縮;きょうしゅく;смущение, быть смущенным, быть благодарным
395;教養;きょうよう;культура, образование
396;行列;ぎょうれつ;линия, процессия
397;漁業;ぎょぎょう;рыболовство, рыбная промышленность
398;曲線;きょくせん;кривая (линия), дуга
399;規律;きりつ;дисциплина, порядок, регламент
400;斬る;きる;рубить, резать, нарезать, убить (холодным оружием)
401;気を付ける;きをつける;быть осторожным, внимательным
402;金魚;きんぎょ;золотая рыбка
403;区域;くいき;район, зона, сфера, область
404;偶数;ぐうすう;четное число
405;空想;くうそう;иллюзия, фантазия, воображение, пустая мечта
406;空中;くうちゅう;небо, воздух
407;;クーラー;кулер, кондиционер
408;釘;くぎ;гвоздь, костыль
409;区切る;くぎる;разграничивать, разделять, определять границы
410;櫛;くし;расческа, гребешок
411;;くしゃみ;чихание, чихать
412;苦情;くじょう;жалоба, недовольство, претензия, возражение
413;苦心;くしん;беспокойство, забота, старание, усилие
414;屑;くず;мусор, отходы, хлам
415;崩す;くずす;развалить, разрушить, разменять деньги
416;薬指;くすりゆび;безымянный палец
417;崩れる;くずれる;разрушаться, разваливаться, быть разрушенным
418;砕く;くだく;ломать, разбивать, раздробить, измельчить
419;砕ける;くだける;ломаться, разбиваться, быть разбитым, измельчиться
420;;くたびれる;уставать, изнашиваться
421;;くだらない;глупый, тривиальный, бесполезный
422;下る;くだる;спускаться, опускаться, сдаваться
423;唇;くちびる;губы
424;口紅;くちべに;губная помада
425;;くっつく;прицепиться, пристать, прилипнуть, стоять вплотную
426;;くっつける;прикреплять, соединять, скреплять
427;;くどい;многословный, навязчивый, назойливый, утомительный
428;句読点;くとうてん;знаки препинания
429;配る;くばる;распространять, доставлять, распределять, раздать
430;工夫;くふう;соображение, идея, замысел, выдумка
431;区分;くぶん;разделение, дробление, классификация
432;組合せ;くみあわせ;сочетание, подбор, комбинация
433;組み立てる;くみたてる;собирать, составлять, монтировать

434;汲む;くむ;вылить, вычерпнуть, откачать (про воду), входить в положение
435;酌む;くむ;пить, выпивать, входить в положение
436;悔しい;くやしい;прискорбный, досадный, достойный сожаления
437;悔やむ;くやむ;сожалеть, раскаиваться, соболезновать, сочувствовать
438;;クリーニング;чистка, уборка
439;;くるむ;оборачивать, заворачивать
440;;くれぐれも;Наилучшие пожелания!
441;咥える;くわえる;держать что-то во рту
442;郡;ぐん;район
443;稽古;けいこ;практика, тренировка, обучение
444;敬語;けいご;японская уважительная речь
445;蛍光灯;けいこうとう;лампа дневного света, медлительный человек
446;形式;けいしき;форма, метод, формат, выражение (в т.ч. мат.)
447;継続;けいぞく;продолжение, продление
448;毛糸;けいと;пряжа, материал для вязания
449;経度;けいど;географическая долгота
450;系統;けいとう;система, структура, происхождение, родословная
451;芸能;げいのう;художественный талант, театральное и эстрадное искусство
452;競馬;けいば;бега, скачки
453;警備;けいび;охрана, охранение, караул
454;形容詞;けいようし;прилагательное на い
455;形容動詞;けいようどうし;прилагательное на な
456;外科;げか;хирургия
457;毛皮;けがわ;мех, шкура, пушнина
458;激増;げきぞう;резкое увеличение, резкий подъём
459;下車;げしゃ;высадка, сходить, выходить из транспорта
460;下旬;げじゅん;третья (последняя) декада
461;下水;げすい;водосток, канализация
462;削る;けずる;строгать, скоблить, точить, вычеркивать, сокращать
463;桁;けた;брус, балка, столбец, разряд (цифр)
464;下駄;げた;гета (деревянные тапки)
465;血圧;けつあつ;кровяное давление
466;血液;けつえき;кровь
467;月給;げっきゅう;месячная зарплата
468;傑作;けっさく;лучшее творение, потрясающий провал
469;月末;げつまつ;конец месяца
470;気配;けはい;знак, подсказка, тренд, биржевая котировка
471;下品;げひん;вульгарность, низость, пошлость, грубость
472;煙い;けむい;дымный, дымящий
473;蹴る;ける;пинать, лягать, брыкаться, отвергать
475;険しい;けわしい;крутой, обрывистый, суровый, сердитый, грозный
476;見学;けんがく;экскурсия с целью обучения, осмотр
477;謙虚;けんきょ;скромность, смиренно
478;原稿;げんこう;рукопись
479;原産;げんさん;родина, среда обитания
480;原始;げんし;первобытность, примитивность
481;研修;けんしゅう;углубление знаний
482;厳重;げんじゅう;строгий, суровый, требовательный
483;謙遜;けんそん;скромность
484;県庁;けんちょう;префектуральное управление
485;限度;げんど;предел, границы
486;現に;げんに;действительно, в действительности, собственными глазами
487;顕微鏡;けんびきょう;микроскоп
488;原理;げんり;основной принцип, основные положения, основы
489;原料;げんりょう;сырье, сырьевые ресурсы, материалы
490;碁;ご;игра Го
491;恋しい;こいしい;любимый, дорогой, по кому скучают
492;請う;こう;просить, упрашивать, умолять
493;工員;こういん;работник на заводе, механик, оператор
494;強引;ごういん;насильственный, насильственно, силой
495;公害;こうがい;общественный вред (загрязнение итп)
496;高級;こうきゅう;высший ранг (чин, разряд), старший, высший
497;公共;こうきょう;общественный, муниципальный
498;工芸;こうげい;ремесло (искусство), технология
499;固い;かたい;твёрдый (не жидкий)
500;孝行;こうこう;сыновий долг
501;交差;こうさ;пересечение, скрещивание
502;講師;こうし;лектор
503;工事;こうじ;строительная работа (стройка, отделка и т.п.)
504;公式;こうしき;официальный, формальный, формула
505;口実;こうじつ;предлог, отговорка
506;斯うして;こうして;так, таким образом
507;校舎;こうしゃ;здание школы
508;公衆;こうしゅう;публика, общественность
509;香水;こうすい;духи, парфюм
510;公正;こうせい;справедливость, законность, подлинный
511;功績;こうせき;заслуга, подвиг
512;光線;こうせん;луч света, свет
513;高層;こうそう;верхние слои (атмосферы), высотный
514;構造;こうぞう;структура, конструкция, устройство
515;交替;こうたい;смена, замена, поочерёдно, попеременно
516;耕地;こうち;пашня, пахотная земля
517;交通機関;こうつうきかん;средства сообщения, транспортные средства
518;校庭;こうてい;школьный двор
519;肯定;こうてい;подтверждение, утверждение, одобрение
520;高度;こうど;высота, высокий уровень, высокая степень
521;高等;こうとう;высококлассный, первоклассный
522;合同;ごうどう;слияние, объединение, коалиция
523;後輩;こうはい;младший по должности или классу
524;公表;こうひょう;официальное объявление, обнародование, публикация
525;鉱物;こうぶつ;минералы, полезные ископаемые
526;公務;こうむ;официальные дела, общественные дела
527;項目;こうもく;параграф, пункт
528;紅葉;こうよう;осенние краски, желтые или красные листья
529;合理;ごうり;рациональность
530;交流;こうりゅう;культурный обмен, общение, социальные сети, переменный ток
531;合流;ごうりゅう;объединение, слияние (напр. дорог), присоединение
532;効力;こうりょく;действие, эффект, сила (договора), имеющий силу
533;超える;こえる;переходить, переваливать через ч-л, превышать, превосходить
534;;コース;курс, курсы, направление
535;;コーラス;хор
536;焦がす;こがす;обжигать, опалять, обугливать, пережаривать
537;国王;こくおう;король, монарх
538;国籍;こくせき;национальность, гражданство
539;国立;こくりつ;национальный, государственный
540;;ごくろうさま;спасибо за (работу)
541;焦げる;こげる;подгорать, обгорать, обугливаться, пережариваться
542;凍える;こごえる;замерзать, коченеть
543;心当たり;こころあたり;иметь представление или соображения по поводу ч-л
544;心得る;こころえる;понимать, знать, быть сведущим
545;腰掛け;こしかけ;место для сидения (стул, скамейка), временная работа
546;腰掛ける;こしかける;садиться
547;五十音;ごじゅうおん;слоговая азбука Годзюон
548;胡椒;こしょう;чёрный перец
549;;こしらえる;изготовлять, делать, приготовлять
550;超す;こす;превосходить, превышать
551;擦る;こする;тереть, растирать, обтирать, утирать
552;御存知ですか;ごぞんじですか;Вы знаете? Вы знакомы?
553;個体;こたい;индивидуум, особь
#555;御馳走様;ごちそうさま;Спасибо за угощение!
557;小遣い;こづかい;карманные деньги, деньги на мелкие расходы
558;;コック;повар, носик чайника, петух
559;;こっそり;тайно, незаметно
560;古典;こてん;древние книги, классики, классика, классический
561;琴;こと;музыкальный инструмент Кото
562;言付ける;ことづける;отправлять или передавать сообщение
563;言葉遣い;ことばづかい;форма (манера) выражения, слог, язык, подбор слов
564;;こないだ;недавно, на днях
565;御無沙汰;ごぶさた;долго молчание (в том числе в переписке, звонках и т.п.)
566;零す;こぼす;проливать (в т.ч. слезы), жаловаться, выражать эмоции
567;零れる;こぼれる;пролиться, выпасть, стать видимым, выражаться (эмоции)
568;塵芥;ごみあくた;мусор, хлам, дрянь, отказ
569;;ゴム;ластик, резина
570;御免;ごめん;извинение
571;御免下さい;ごめんください;Можно войти?, Извините!
572;小指;こゆび;мизинец
573;;こらえる;терпеть, выносить
574;娯楽;ごらく;удовольствие, развлечение
575;御覧;ごらん;(уваж.) смотреть, пробовать, пытаться
576;;コレクション;коллекция, исправление
577;転がす;ころがす;катить, опрокидывать, валить наземь
578;転がる;ころがる;катиться, падать, ложиться
579;紺;こん;тёмно-синий
580;;コンクール;конкурс, соревнование, состязание
581;;コンクリート;бетон, конкретный
582;混合;こんごう;смешение, смешивание, смесь
583;;コンセント;круглая розетка, согласие
584;献立;こんだて;меню, план, программа
586;;サークル;круг, спортивный клуб
587;在学;ざいがく;учиться или числиться в школе или университете
588;再三;さいさん;не раз, неоднократно, снова и снова
589;祭日;さいじつ;национальный праздник, фестиваль
590;催促;さいそく;требование, побуждение, напоминание
591;採点;さいてん;оценка в баллах, засчитывать очки
592;災難;さいなん;несчастье, бедствие, беда
593;裁縫;さいほう;(кройка и) шитьё
594;材木;ざいもく;лес, лесоматериалы
595;;サイレン;сирена
596;逆さ;さかさ;обратный, вверх ногами, шиворот-навыворот
597;逆様;さかさま;переворачивание, вверх ногами
599;遡る;さかのぼる;идти обратно, идти вверх по течению
600;酒場;さかば;пивная, кабачок, бар
601;一昨昨日;さきおととい・いっさくさくじつ;три дня назад
602;先程;さきほど;недавно, не так давно, только что
603;裂く;さく;разрывать, рвать
604;索引;さくいん;указатель, индекс
605;作者;さくしゃ;автор, писатель
606;削除;さくじょ;вычёркивание, исключение, удаление
607;作成;さくせい;изготовление, составление, оформление (сообщения и т.п.)
608;作製;さくせい;производство, мануфактура
609;探る;さぐる;искать, разнюхивать, разведовать
610;囁く;ささやく;шептать
611;刺さる;ささる;вонзиться, застрять
612;匙;さじ;ложка
613;座敷;ざしき;застённая татами комната (в яп. доме)
614;差し支え;さしつかえ;препятствие, помеха, неудобство
615;差し引き;さしひき;вычитание, остаток, прилив и отлив
616;刺身;さしみ;сасими (нарезанная сырая рыба)
617;刺す;さす;колоть, вонзать, жалить, кусать
618;挿す;さす;вставлять, класть
619;注す;さす;лить, наливать или подавать напитки
620;射す;さす;светить, падать (про солнечные лучи, свет)
621;流石;さすが;как и следует ожидать, в самом деле, даже такой, даже
622;撮影;さつえい;фотосъёмка, киносъёмка
623;雑音;ざつおん;шум (резкий, раздражающий), (радио) помехи
624;;さっさと;быстро, живо
625;早速;さっそく;немедленно, сейчас же, сразу
626;錆;さび;ржавчина, коррозия
627;錆びる;さびる;ржаветь
628;座布団;ざぶとん;дзабутон (плоская подушка для сидения на полу)
629;冷ます;さます;остужать (до нормальной температуры)
630;妨げる;さまたげる;препятствовать, мешать, тормозить
631;冷める;さめる;остудиться (до нормальной температуры)
636;;サラリーマン;офисный работник
637;騒がしい;さわがしい;шумный, беспокойный, неспокойный
638;爽やか;さわやか;свежий, освежающий, звонкий
639;三角;さんかく;треугольник
640;算数;さんすう;арифметика, вычисления
641;酸性;さんせい;кислотность, кислота
642;産地;さんち;место производства, месторождение, место рождения
643;;サンプル;пример, сэмпл
644;山林;さんりん;горы и леса, горный лес
645;仕上がる;しあがる;завершаться, быть оконченным, подходить к концу
646;明明後日;しあさって;день после послезавтра (через 2 дня)
647;;シーズン;сезон
648;;シーツ;простыня
649;寺院;じいん;храм, монастырь
650;;しいんと;тихо, как в могиле
651;自衛;じえい;самозащита, самооборона, оборона
652;塩辛い;しおからい;пересоленный, крепко засоленный
653;司会;しかい;ведение собрания, председательство
654;四角;しかく;четырёхугольник, квадрат
655;四角い;しかくい;квадратный, прямоугольный, педантичный, чопорный
656;時間割;じかんわり;расписание
657;四季;しき;четыре времени года
658;敷地;しきち;строительная площадка, земельный участок, территория (напр. выставки)
659;至急;しきゅう;срочный, неотложный
660;敷く;しく;выкладывать, раскладывать, занимать позицию
661;茂る;しげる;разрастаться (о растениях), густо расти
662;持参;じさん;приносить с собой
663;磁石;じしゃく;магнит, магнитный, компас
664;四捨五入;ししゃごにゅう;математическое округление
665;始終;しじゅう;от начала до конца, в любое время, очень часто, постоянно
666;自習;じしゅう;самообучение, самообразование
667;静まる;しずまる;утихать, успокаиваться, затихать
668;姿勢;しせい;осанка, поза, выправка, фигура
669;自然科学;しぜんかがく;естествознание, естественные науки
670;時速;じそく;скорость (в час)
671;子孫;しそん;потомки, потомство
672;死体;したい;труп
673;下書き;したがき;черновик, набросок
674;下町;したまち;нижняя (торговая) часть города
675;自治;じち;автономия, самоуправление
676;実感;じっかん;живое (непосредственное, реальное) ощущение, реальное переживание
677;湿気;しっけ;влажность, сырость, влага
678;;しつこい; назойливый, навязчивый, докучливый, чрезмерный
679;実習;じっしゅう;практика, практические занятия
680;実績;じっせき;(реальные) результаты (достижения, успехи)
681;湿度;しつど;уровень влажности
682;執筆;しっぴつ;писательство
683;実物;じつぶつ;оригинал, подлинник, настоящая вещь, наличный товар
684;尻尾;しっぽ;хвост, хвостик
685;実用;じつよう;практическое использование
686;実力;じつりょく;реальная сила или возможности
687;実例;じつれい;живой пример, пример из практики
688;失恋;しつれん;неразделенная любовь, разбитое сердце
689;指定;してい;указание, спецификация, обозначение
690;私鉄;してつ;частная железная дорога
691;児童;じどう;ребёнок, подросток, несовершеннолетний
692;縛る;しばる;связывать, привязывать, ограничивать свободу действий
693;地盤;じばん;почва под ногами, фундамент, сфера влияния
694;痺れる;しびれる;неметь, затекать
695;紙幣;しへい;бумажные деньги, банкноты
696;;しぼむ;увядать, чахнуть, терять свежесть
697;絞る;しぼる;выжимать, выдавливать, вымогать
698;縞;しま;полоса, полоска
699;地味;じみ;простой, скромный, не бросающийся в глаза, умеренный
700;;しみじみ;проникновенно, серьёзно, до глубины души
701;氏名;しめい;фамилия и имя, полное имя
702;締切;しめきり;крайний срок, закрытие (дверей)
703;締め切る;しめきる;закрывать (счёт и т.п.), прекращать (приём заявок и т.п.), закрывать
704;湿る;しめる;мокнуть, быть мокрым, быть сырым
705;;ジャーナリスト;журналист
706;社会科学;しゃかいかがく;общественные науки
707;;しゃがむ;склоняться, сидеть на корточках
708;蛇口;じゃぐち;выпускное отверстие, (водопроводный) кран
709;弱点;じゃくてん;слабое (больное, уязвимое) место
710;車庫;しゃこ;гараж, депо
711;車掌;しゃしょう;кондуктор, проводник
712;写生;しゃせい;рисование с натуры
713;社説;しゃせつ;передовая (статья), передовица
714;;しゃっくり;икота
715;;シャッター;затвор (фотоаппарата), штора, ставень
716;;しゃぶる;сосать, обсасывать, облизывать
717;車輪;しゃりん;колесо (машины)
718;洒落;しゃれ;шутка, острота, каламбур, щегольство, модник, щёголь
719;;じゃんけん;камень-ножницы-бумага
720;集会;しゅうかい;собрание, митинг, совещание
721;住居;じゅうきょ;жилище, дом, местожительство
722;集金;しゅうきん;сбор денег (по счетам), накопление денег
723;集合;しゅうごう;сбор, собрание, сходка
724;習字;しゅうじ;каллиграфия, чистописание, учиться чистописанию
725;修繕;しゅうぜん;ремонт, починка
726;重体;じゅうたい;тяжёлое состояние, опасное положение (о больном)
727;;じゅうたん;ковер
728;終点;しゅうてん;конечный пункт, конечная станция (остановка)
729;重点;じゅうてん;важнейший пункт, главное, центр тяжести, двоеточие
730;就任;しゅうにん;вступление в должность
731;周辺;しゅうへん;окружность, периферия, окрестности, подступы
732;重役;じゅうやく;директор, дирекция
733;終了;しゅうりょう;конец, окончание (школы и т.п.), завершение, истечение (срока)
734;重量;じゅうりょう;вес, тяжесть, большой вес
735;重力;じゅうりょく;сила тяжести, физ. сила тяготения
736;熟語;じゅくご;слово из нескольких иероглифов, идиома, фразеологическое единство
737;祝日;しゅくじつ;праздник, праздничный день
738;縮小;しゅくしょう;сокращение, уменьшение, сужение, урезка, ограничение
739;受験;じゅけん;сдача (прохождение) экзамена
740;主語;しゅご;подлежащее
741;出勤;しゅっきん;явка на службу, выход на работу
742;述語;じゅつご;сказуемое
743;出張;しゅっちょう;командировка, служебная поездка
744;寿命;じゅみょう;продолжительность жизни, срок годности (службы)
745;主役;しゅやく;главная роль, ведущий актёр
746;受話器;じゅわき;телефонная трубка
747;循環;じゅんかん;периодическая смена, циркуляция (крови и т.п.)
748;巡査;じゅんさ;полицейский
749;順々;じゅんじゅん;по порядку, по очереди, один за другим, последовательно
750;順序;じゅんじょ;порядок, последовательность, система
751;純情;じゅんじょう;чистое (бескорыстное) чувство, чистосердечный, простодушный
752;純粋;じゅんすい;чистый, без примеси, настоящий
753;消化;しょうか;пищеварение, переваривание (пищи, информации), эк. потребность
754;小学生;しょうがくせい;учащийся начальной школы, школьник
755;;しょうがない;ничего не поделаешь, делать нечего
756;将棋;しょうぎ;японские шахматы
757;蒸気;じょうき;пар
758;定規;じょうぎ;линейка, наугольник
759;上級;じょうきゅう;продвинутый уровень, более высокий разряд, старший класс (в школе)
760;商業;しょうぎょう;торговля, коммерция
761;消極的;しょうきょくてき;негативный, пассивный, бездеятельный
762;賞金;しょうきん;премия (денежная), приз
763;上下;じょうか;верх и низ, выше и ниже
764;障子;しょうじ;сёдзи (бумажные раздвижные двери)
765;商社;しょうしゃ;торговая фирма, торговый дом
766;乗車;じょうしゃ;посадка, садиться (на поезд и т.п.)
767;上旬;じょうじゅん;первая декада месяца (10 дней)
768;生ずる;しょうずる;производить, порождать, приносить результат, происходить из чего-л.
769;小数;しょうすう;десятичная дробь, дробь
770;商店;しょうてん;магазин, лавка, небольшая компания
771;焦点;しょうてん;фокус, фокальная точка
772;消毒;しょうどく;дезинфекция, стерилизация
773;勝敗;しょうはい;победа или поражение, исход битвы
774;蒸発;じょうはつ;испарение, таинственное исчезновение
775;賞品;しょうひん;приз
776;勝負;しょうぶ;состязание, матч, соревнование, победа или поражение
777;小便;しょうべん;моча
778;消防署;しょうぼうしょ;управление пожарной охраны, пожарное депо
779;正味;しょうみ;истинное количество, нетто
780;正面;しょうめん;перёд, передняя часть, фасад, воен. фронт
781;消耗;しょうもう;расходование, износ, истощать, мед. истощение
783;省略;しょうりゃく;сокращение, опущение, ограничение
784;初級;しょきゅう;начальный класс (уровень)
785;助教授;じょきょうじゅ;ассистент профессора, доцент
786;食塩;しょくえん;(столовая) поваренная соль
787;職人;しょくにん;ремесленник, мастеровой, работник
788;初旬;しょじゅん;первая декада месяца (10 дней)
789;書籍;しょせき;книги, литература
790;食器;しょっき;посуда, столовый прибор
791;;ショップ;магазин
792;書店;しょてん;книжный магазин
793;書道;しょどう;каллиграфия
794;白髪;しらが・はくはつ;седые волосы, седина
795;知合い;しりあい;знакомство
796;;シリーズ;серия
797;私立;しりつ;частный (содержащийся на частные средства)
798;資料;しりょう;материал, данные
799;汁;しる;сок, суп, бульон, соус, гной
800;素人;しろうと;неспециалист, дилетант, любитель, новичок, неопытный
801;芯;しん;сердце, душа, сердцевина, внутренность
802;新幹線;しんかんせん;синкансен (сверхскоростной поезд)
803;真空;しんくう;вакуум, безвоздушное пространство, абсолютная пустота
804;信ずる;しんずる;верить, доверять, быть уверенным в ч-л.
805;心身;しんしん;тело и разум
806;申請;しんせい;прошение, ходатайство, юр. запрос в суд
807;人造;じんぞう;искусственный, сделанный человеком
808;寝台;しんだい;кровать, постель, спальное место (в вагоне)
809;診断;しんだん;диагноз
810;侵入;しんにゅう;вторжение, проникновение, агрессия, налёт
811;人文科学;じんぶんかがく;гуманитарные науки (за вычетом наук, изучающих общество)
812;人命;じんめい;человеческая жизнь
813;深夜;しんや;поздняя (глубокая) ночь
814;森林;しんりん;лес
815;親類;しんるい;родственник, родственники, родня
816;針路;しんろ;курс, направление
817;神話;しんわ;миф, мифология, легенда
818;酢;す;уксус
819;水産;すいさん;морепродукты
820;炊事;すいじ;готовка, приготовление (варка) пищи, стряпня
821;水蒸気;すいじょうき;водяной пар
822;水素;すいそ;водород
823;垂直;すいちょく;перпендикулярный, вертикальный, отвесный
824;推定;すいてい;предположение, оценка
825;水滴;すいてき;капля воды, капельница (для туши)
826;水筒;すいとう;фляжка, фляга
827;随筆;ずいひつ;записки, заметки, дзуйхицу (литературный жанр)
828;水分;すいぶん;содержание влаги, влажность, вода, сок
829;水平;すいへい;уровень воды, горизонталь
830;水平線;すいへいせん;горизонт (по уровню воды), горизонтальная линия
831;水曜;すいよう;(сокр.) среда
832;図々しい;ずうずうしい;нахальный, наглый, бесстыжий
833;;ずうっと;всегда, всё время, очень, намного
834;末っ子;すえっこ;младший ребёнок в семье
835;;スカーフ;шарф
836;図鑑;ずかん;атлас (ботанический, зоологический и т.п.)
837;杉;すぎ;японский кедр
838;好き嫌い;すききらい;вкусы, пристрастие, нравится или не нравится
839;好き好き;すきずき;вкус, дело вкуса
840;透き通る;すきとおる;быть прозрачным, просвечивать, виднеться сквозь
841;隙間;すきま;трещина, щель, незанятое время, оплошность
842;;スクール;школа
843;;すくなくとも;по меньшей (по крайней) мере
844;図形;ずけい;фигура, рисунок, чертёж
845;;スケジュール;расписание, план, программа, график
846;鈴;すず;колокольчик, звонок
847;涼む;すずむ;дышать свежим воздухом, наслаждаться прохладой
848;;スタート;старт
849;;スチュワーデス;стюардесса
850;;すっきり;чёткий, ясный, прямой, чувствовать облегчение
851;酸っぱい;すっぱい;кислый, кислотный
852;;ステージ;сцена, уровень
853;棄てる;すてる;выбрасывать, бросать, оставлять, забрасывать
854;;ストッキング;чулки, колготки
855;;ストップ;стоп
856;素直;すなお;простодушный, послушно, с готовностью, охотно, повиноваться, честный
857;頭脳;ずのう;мозг, ум, голова
858;;スピーカー;громкоговоритель, спикер, оратор
859;図表;ずひょう;таблица, диаграмма
860;;スマート;изящный, щеголеват
861;住まい;すまい;жильё, дом
862;;すまない;Извините!, неловко (перед кем-л.)
863;墨;すみ;чернила, тушь
864;澄む・清む;すむ;проясниться, стать чистым (ясным, прозрачным), отстояться
865;相撲;すもう;сумо, борец сумо
866;;スライド;скольжение, снижение, скат
867;滑らす;ずらす;сдвигать вниз, спускать
868;;ずらり;(ономат.) в ряд, вереницей
870;刷る;する;печатать
871;狡い;ずるい;хитрый, продувной, скупой, скаредный
872;擦れ違う;すれちがう;разминуться, разойтись, пройти мимо друг друга
873;滑れる;すべれる;соскальзывать, соскакивать, сдвигаться, заносить (об автомашине)
874;寸法;すんぽう;мерка, размер, обмер, план, предложение
875;姓;せい;фамилия
876;税関;ぜいかん;таможня
877;製作;せいさく;производство, изготовление
878;制作;せいさく;создание (предметов искусства), произведение, предмет искусства
879;性質;せいしつ;характер, натура, свойство, качество
880;清書;せいしょ;чистовик
881;青少年;せいしょうねん;(зелёная) молодёжь, молодое поколение
882;整数;せいすう;целое число
883;清掃;せいそう;чистка, уборка
884;生存;せいぞん;существование, бытие
885;生長;せいちょう;рост, увеличение
886;政党;せいとう;политическая партия
887;生年月日;せいねんがっぴ;дата рождения
888;性能;せいのう;способности, возможности, технические данные, лётно-тактические данные
889;整備;せいび;подготовка, налаживание, приведение в порядок, полная оборудованность
890;成分;せいぶん;состав, составной элемент, ингредиент, компонент
891;性別;せいべつ;половые различия
892;正方形;せいほうけい;квадрат
893;正門;せいもん;главные ворота, парадный ход
894;成立;せいりつ;осуществление, реализация, организация, состоять из чего-л.
895;西暦;せいれき;европейское летосчисление, перед датой н. э.
896;背負う;せおう;нести на спине, на плечах, нести на себе, брать на себя
897;赤道;せきどう;экватор
898;折角;せっかく;с большим трудом, специально, любезно, драгоценный, долгожданный
899;接近;せっきん;приближение, сближение, примыкание
901;接する;せっする;касаться, соприкасаться, примыкать, встречаться с к-л., принимать
902;;せっせと;усердно, старательно
903;接続;せつぞく;связь, (при)соединение, эл. подключение, быть согласованным
904;瀬戸物;せともの;фарфор Сэто, фарфор, керамика
905;;ぜひとも;любыми средствами, любой ценой
906;迫る;せまる;приближаться, надвигаться, подходить вплотную, нажимать, наседать
907;;ゼミ;семинар
908;;せめて;по крайней (по меньшей) мере, хотя бы, не больше чем
909;攻める;せめる;нападать, атаковать, идти на приступ
910;;セメント;цемент
911;栓;せん;затычка, пробка, втулка, кран (водопровода)
912;前後;ぜんご;впереди и позади, раньше и позже, раньше или позже, перепутываться
913;洗剤;せんざい;моющее средство
914;全集;ぜんしゅう;полное собрание сочинений
915;全身;ぜんしん;всё тело, весь организм, (фото) во весь рост
916;扇子;せんす;складной веер
917;専制;せんせい;абсолютизм, автократия, деспотизм
918;先々月;せんせんげつ;позапрошлый месяц
919;先々週;せんせんしゅう;позапрошлая неделя
920;先祖;せんぞ;предок, прародитель
921;先端;せんたん;кончик, остриё, авангард, ультрасовременный
922;;センチ;сантиметр
923;宣伝;せんでん;пропаганда, реклама
924;先頭;せんとう;главенство, лидерство, передний фронт
925;全般;ぜんぱん;весь, всё
926;扇風機;せんぷうき;электрический фен
927;線路;せんろ;железнодорожная линия, путь
928;相違;そうい;различие, разница, несходство, расхождение, несоответствие
929;雑巾;ぞうきん;тряпка (для уборки)
930;増減;ぞうげん;увеличение и уменьшение, подъём и падение, колебания, неустойчивость
931;倉庫;そうこ;склад, складское помещение
932;相互;そうご;взаимный, обоюдный
933;創作;そうさく;творчество, писательская деятельность, оригинальное произведение
934;葬式;そうしき;похороны, погребение, панихида
935;造船;ぞうせん;судостроение, кораблестроение
936;騒々しい;そうぞうしい;шумный, беспокойный, крикливый, буйный
937;増大;ぞうだい;увеличение, рост, расширение
938;;そうっと;тихо, мягко
939;送別;そうべつ;прощание, проводы
940;草履;ぞうり;дзори (японские сандалии)
941;総理大臣;そうりだいじん;премьер-министр
942;送料;そうりょう;плата за пересылку (перевозку)
943;属する;ぞくする;принадлежать, быть приписанным, быть присущим кому-чему-л.
944;続々;ぞくぞく;один за другим, подряд, без перерыва, непрерывно
945;速達;そくたつ;спешная доставка (почты)
946;測定;そくてい;измерение
947;測量;そくりょう;измерение, топографическая съёмка, промер глубины лотом
948;速力;そくりょく;скорость, быстрота
949;素質;そしつ;натура, характер, склад ума, склонности, мед. конституция, диатез
950;祖先;そせん;предок
951;;そそっかしい;торопливый, опрометчивый, рассеянный
952;卒直;そっちょく;прямой, прямодушный, откровенный, искренний, чистосердечный, открытый
953;具える;そなえる;запасать, устанавливать (оборудование), готовиться, обладать (знаниями)
954;;そのうえ;сверх (кроме) того, к тому же, вдобавок, в придачу
955;;そのころ;в то время, в те же времена, тогда
956;;そのため;из-за этого, по этой причине, поэтому, ради этого, за это
957;;そのほか;кроме того, другие, прочие, остальные, дополнительные
958;蕎麦;そば;соба (гречневая лапша)
959;剃る;そる;брить, бриться
960;;それなのに;несмотря на это, и всё же
961;逸れる;それる;отклоняться (сворачивать) в сторону
962;揃う;そろう;быть полным, собранным, равным, укомплектованным
963;揃える;そろえる;собирать, собирать вместе, упорядочивать, приготавливать
964;算盤;そろばん;японские счёты, расчёты
965;存じる;ぞんじる;знать, быть знакомым, думать, полагать
966;存ずる;ぞんずる;знать, думать, полагать
967;損得;そんとく;прибыли и убытки, выгодность, материальные интересы
968;田んぼ;たんぼ;рисовое поле, ферма
969;第一;だいいち;первый, наилучший, во-первых, прежде всего, первым делом
971;大学院;だいがくいん;аспирантура
972;大工;だいく;плотник
973;体系;たいけい;система, организация
974;太鼓;たいこ;барабан
975;対策;たいさく;ответные мероприятия, контрмеры
976;大して;たいして;с отриц. не очень, не особенно, не серьёзно
977;対照;たいしょう;контраст, противопоставление, сопоставление
978;大小;だいしょう;большой и малый (размеры), размер, величина
979;体制;たいせい;система, структура, организация, строй
980;体積;たいせき;объём, кубатура
981;大層;たいそう;очень, весьма, огромный, многочисленный
982;体操;たいそう;гимнастика, гимнастические упражнения, физкультура
984;大木;たいぼく;высокое (большое) дерево
985;題名;だいめい;заглавие, название
986;代名詞;だいめいし;местоимение, другое имя, прозвище
987;;タイア;шина, покрышка
988;;ダイヤグラム;диаграмма, график, схема
989;;ダイヤモンド;алмаз, бриллиант, карточные бубны
990;;ダイヤル;номеронабиратель, набирать телефонный номер
991;対立;たいりつ;противостояние, оппозиция, конфронтация
992;田植え;たうえ;выращивание риса
993;絶えず;たえず;непрерывно, непрестанно, постоянно
994;楕円;だえん;эллипс, овал
995;高める;たかめる;повышать
996;耕す;たがやす;возделывать, вспахивать
997;滝;たき;водопад
998;炊く;たく;готовить, стряпать, варить (особенно крупы)
999;焚く;たく;разводить огонь, топить печь, жечь топливо
1000;蓄える;たくわえる;сберегать, накапливать, копить, откладывать впрок, отращивать (усы)
1001;竹;たけ;бамбук
1002;助かる;たすかる;спастись, облегчаться (о труде), быть подмогой
1004;但し;ただし;только, однако, или же…
1005;畳む;たたむ;складывать (одеяло, платья), сгибать, закрывать (фирму), прикончить к-л.
1006;立ち止まる;たちどまる;останавливаться, замирать
1007;;たちまち;разом, сразу, мгновенно, вдруг
1008;建つ;たつ;стоять, быть построенным
1009;発つ;たつ;отправляться, выходить, отчаливать
1010;脱線;だっせん;сходить с рельсов, отклоняться от темы
1011;妥当;だとう;надлежащий, правильный, уместный, закономерный
1012;例える;たとえる;уподоблять, говорить иносказательно, сравнивать
1013;頼もしい;たのもしい;надежный, заслуживающий доверия, многообещающий
1014;足袋;たび;таби (японские носки)
1015;;ダブル;двойной
1016;騙す;だます;обманывать, надувать, околдовывать, утихомиривать
1017;溜まる;たまる;скапливаться, собираться
1018;;ダム;дамба, плотина
1019;溜息;ためいき;вздох
1020;躊躇う;ためらう;колебаться, не решаться, сомневаться
1021;溜める;ためる;копить, откладывать, собирать
1022;;だらしない;неряшливый, неопрятный, растрёпанный (о волосах), безалаберный
1023;足る;たる;быть достаточным, заслуживать, быть довольным
1024;段階;だんかい;лестница, ступень, стадия, этап, фаза
1025;短期;たんき;короткий (краткий) срок
1026;炭鉱;たんこう;угольная шахта
1027;短所;たんしょ;дефект, недостаток, слабое место
1028;箪笥;たんす;комод, шкаф, шифоньерка
1029;淡水;たんすい;пресная вода
1030;断水;だんすい;приостановка подачи воды, недостаточное водоснабжение
1031;単数;たんすう;единственное число
1032;団地;だんち;многоквартирный дом
1033;断定;だんてい;заключение, вывод, решение
1034;短編;たんぺん;короткая вещь (о рассказе и т.п.), рассказ, новелла
1035;誓う;ちかう;клясться, обещать, давать слово
1036;地下水;ちかすい;подземные воды, грунтовые воды
1037;近々;ちかぢか;скоро, вскоре
1038;近付ける;ちかづける;подпускать к себе, сближаться с кем-л
1039;近寄る;ちかよる;приближаться, подходить
1040;力強い;ちからづよい;сильный, могучий, мощный
1041;千切る;ちぎる;рвать в клочки, разрывать, рвать, срывать (цветы, ягоды)
1042;地質;ちしつ;геология, геологическая структура, характер почвы
1043;知人;ちじん;знакомый
1044;地帯;ちたい;район, зона, пояс, полоса
1045;縮む;ちぢむ;сжиматься, морщиться, съёживаться, садиться (о ткани)
1046;縮める;ちぢめる;сжимать, укорачивать, уменьшать, морщить, мять, отдёргивать
1047;縮れる;ちぢれる;виться, завиваться, быть вьющимся, быть волнистым (рифлёным)
1048;;チップ;чаевые
1049;地点;ちてん;место, пункт, точка на местности
1050;地名;ちめい;географическое название, название местности
1051;茶色い;ちゃいろい;коричневый, цвета чая
1052;着々;ちゃくちゃく;неуклонно, шаг за шагом, медленно, но верно
1054;中間;ちゅうかん;середина, полпути, промежуточный
1055;中旬;ちゅうじゅん;вторая декада месяца
1056;抽象;ちゅうしょう;абстракция, абстрактный
1057;中世;ちゅうせい;средние века, средневековый
1058;中性;ちゅうせい;грам. средний род, нейтральность, бесполость
1059;中途;ちゅうと;полпути, прям. и перен. на полдороге
1060;中年;ちゅうねん;средний возраст
1061;超過;ちょうか;превышение, перелёт (снаряда)
1062;彫刻;ちょうこく;резьба, гравирование, скульптура
1063;長所;ちょうしょ;сильная сторона, достоинство, преимущество
1064;長女;ちょうじょ;старшая дочь
1065;調整;ちょうせい;регулировка, координация, настройка, приведение в порядок
1066;調節;ちょうせつ;(у)регулирование, муз. или радио настройка, артикуляция
1067;長短;ちょうたん;длина, достоинства и недостатки
1068;頂点;ちょうてん;высшая точка, вершина, апогей, зенит, кульминационный пункт, расцвет
1069;長男;ちょうなん;старший сын
1070;長方形;ちょうほうけい;прямоугольник, прямоугольный
1071;調味料;ちょうみりょう;приправа, специи
1072;;チョーク;мел, мелок
1073;直後;ちょくご;сразу после чего-л., непосредственно позади чего-л.
1074;直線;ちょくせん;прямая линия
1075;直前;ちょくぜん;непосредственно перед чем-л. (до чего-л.)
1076;直通;ちょくつう;прямое сообщение (жд и т.п.), прямая связь (телефонная)
1077;直流;ちょくりゅう;постоянный ток
1078;貯蔵;ちょぞう;(со)хранение, содержание в запасе
1079;直角;ちょっかく;прямой угол
1080;直径;ちょっけい;диаметр
1081;散らかす;ちらかす;разбрасывать где попало, раскидывать, приводить в беспорядок
1082;散らかる;ちらかる;быть неубранным (в беспорядке)
1083;散らす;ちらす;разбрасывать, рассыпать, разгонять (тучи, толпу), распускать (волосы)
1084;塵紙;ちりがみ;грубая туалетная бумага
1085;散る;ちる;осыпаться, рассеиваться (об облаках, тумане), распространяться (о слухах)
1086;追加;ついか;добавление, дополнение, приложение
1087;序で;ついで;случай, возможность, шанс, порядок, последовательность
1088;通貨;つうか;валюта, денежные знаки, ходовая монета (данной страны)
1089;通勤;つうきん;хождение (поездка) до места службы (работы)
1090;通ずる;つうずる;вести, доходить, доходить до сознания, быть понятным, быть проведённым
1091;通知;つうち;известие, сообщение, уведомление
1092;通帳;つうちょう;банковская расчётная книжка, сберегательная книжка
1093;通訳;つうやく;устный перевод, переводчик
1094;通用;つうよう;хождение, обращение, общее употребление
1095;通路;つうろ;проход, проезд, дорога, переход (через улицу)
1096;付合う;つきあう;поддерживать знакомство (отношения) с кем-л
1097;突き当たり;つきあたり;столкновение, конец (улицы, прохода и т.п.)
1098;突き当たる;つきあたる;натыкаться, наталкиваться, наезжать, доходить до конца (улицы)
1099;月日;つきひ;дни и месяцы, время
1101;突く;つく;ударять, колоть чем-либо, толкать, ударять во что-л., нападать
1102;次ぐ;つぐ;следовать за чем-л., занимать второе место после чего-л.
1103;作る・造る;つくる;делать, изготовлять, творить, формировать, писать (книгу), выращивать
1104;着ける;つける;прикреплять, присоединить, приделывать, прилагать, подводить, носить
1106;浸ける;つける;вымачивать, солить, мариновать
1107;伝わる;つたわる;передаваться, переходить, двигаться вдоль, быть занесённым (в Японию)
1108;突っ込む;つっこむ;совать, всовывать, вталкивать, вколачивать, погружать (в воду), колоть
1109;務める;つとめる;служить, исполнять обязанности, стараться, стремиться
1110;努める;つとめる;стараться, прилагать усилия
1111;綱;つな;верёвка, канат, трос, мор. брас
1112;繋がり;つながり;связь, отношение, родство
1113;繋がる;つながる;быть прикреплённым, соединяться, следовать один за другим, иметь отношение
1114;繋げる;つなげる;соединять, связывать, перенаправлять звонок
1115;粒;つぶ;зёрнышко, капля, счет. суф. для маленьких круглых предметов
1116;潰す;つぶす;давить, раздавливать, разрушать, портить, тратить попусту, переплавлять
1117;潰れる;つぶれる;быть разрушенным, ломаться, быть раздавленным, потерпеть крах,  изнашиваться
1118;躓く;つまずく;спотыкаться, оступаться, совершать ошибку, натыкаться на препятствия
1119;詰まる;つまる;быть засорённым,  быть полным (набитым), садиться (о ткани), оказаться в тупике
1120;積む;つむ;нагромождать, наваливать, грузить, копить, накапливать
1122;艶;つや;глянец, блеск, лоск, очарование, блеск, подмазка, взятка
1123;強気;つよき;бирж. повышательная тенденция рынка, сила духа, твёрдость
1124;釣り合う;つりあう;удерживать равновесие, быть пропорциональным, подходить, гармонировать
1125;吊る;つる;подвешивать, вешать
1126;吊す;つるす;подвешивать, вешать
1127;出合い;であい;свидание, встреча
1128;手洗い;てあらい;туалет
1129;定員;ていいん;постоянный штат, полный состав, кворум, вместимость
1130;定価;ていか;установленная (твёрдая) цена
1131;低下;ていか;падение, снижение, спад
1132;定期券;ていきけん;сезонный (месячный, квартальный) билет
1133;定休日;ていきゅうび;постоянный (фиксированный) выходной
1134;停止;ていし;приостановка, временное запрещение, остановка, застой, мёртвая точка
1135;停車;ていしゃ;остановка (транспорта)
1136;停電;ていでん;отключение электричества (подачи электроэнергии)
1137;出入り;でいり;посещение, постоянный, приход и расход, излишек и недостача, раздор
1138;出入口;でいりぐち;вход и выход
1139;手入れ;ていれ;ремонт, уход, содержание, налёт полиции
1140;;テーマ;тема
1142;出来上がり;できあがり;завершение, окончание (работы), качество работы
1143;出来上がる;できあがる;быть законченным (готовым), быть сделанным
1144;的確・適確;てきかく・てっかく;точный, правильный, соответствующий
1145;凸凹;でこぼこ;неровность, неравенство, диспропорция, разрыв
1146;手頃;てごろ;удобный, приемлемый, подходящий
1147;出鱈目;でたらめ;вздор, чепуха, трёп, взятое с потолка
1148;手帳;てちょう;записная книжка, блокнот
1149;鉄橋;てっきょう;железнодорожный мост, железный мост
1150;手続き;てつづき;процедура, формальности, оформление (напр. пропуска)
1151;鉄砲;てっぽう;ружьё
1152;;テニスコート;теннисный корт
1153;手拭い;てぬぐい;полотенце (для рук)
1155;出迎え;でむかえ;встреча (приходящего, приезжающего)
1156;出迎える;でむかえる;встречать, выходить навстречу
1157;照らす;てらす;освещать что-л., сопоставлять
1158;照る;てる;сиять, светить (о солнце, луне)
1159;展開;てんかい;развёртывание, разворачивание, развитие
1160;伝記;でんき;биография, жизнеописание
1161;電球;でんきゅう;электрическая лампочка
1162;点数;てんすう;отметка, оценка, баллы, очки
1163;伝染;でんせん;зараза, инфекция
1164;電池;でんち;электрическая батарея, гальванический элемент
1165;点々;てんてん;там и сям, местами, отдельными точками, каплями
1166;転々;てんてん;переходить с места на место, менять (хозяина и т.п.)
1167;電柱;でんちゅう;телеграфный столб
1168;天皇;てんのう;японский император
1169;電波;でんぱ;радиоволны, радио
1170;;テンポ;временный, темп
1171;電流;でんりゅう;электрический ток
1172;電力;でんりょく;электроэнергия
1173;問い合わせ;といあわせ;запрос, справка
1174;銅;どう;медь
1175;統一;とういつ;единство, объединение, унификация, консолидация, координация
1176;同格;どうかく;тот же разряд (ранг, чин), то же (одинаковое) положение, тот же падеж
1177;峠;とうげ;горный перевал, критический момент,  высшая точка
1178;統計;とうけい;статистика, статистические данные
1179;動作;どうさ;действие, движение, поведение, манеры
1180;東西;とうざい;восток и запад
1181;当日;とうじつ;тот день, назначенный день, день выдачи (билета)
1182;投書;とうしょ;посылка корреспонденции (письма), анонимное письмо
1183;登場;とうじょう;появление (на сцене, на экране, на рынке)
1184;;どうせ;так или иначе, как-нибудь, в любом случае, в конце концов, в лучшем случае
1186;灯台;とうだい;маяк
1187;盗難;とうなん;кража
1188;当番;とうばん;дежурство, дежурный, (воен.) дневальный
1189;等分;とうぶん;деление на равные части (поровну)
1190;透明;とうめい;прозрачный, просвечивающий, ясный, понятный
1191;灯油;とうゆ;гарное масло, керосин
1192;東洋;とうよう;Восток (в широком смысле)
1193;童話;どうわ;рассказ для малышей, сказка
1194;通り掛かる;とおりかかる;случайно проходить мимо
1195;溶かす;とかす;растворять, топить (масло, воск), расплавлять, плавить (металл)
1196;尖る;とがる;быть острым, заостряться, быть взвинченным
1197;;どきどき;трепетать, учащённо биться (о сердце)
1198;溶く;とく;растворять (краску)
1199;退く;どく・のく;отойти с дороги (в сторону), уступать дорогу, уходить, расходиться
1200;特殊;とくしゅ;особый, особенный, характерный (для кого-чего-л.)
1201;特色;とくしょく;особенность, отличительное свойство, характерная черта
1202;特長;とくちょう;особое достоинство, особо сильная сторона
1203;特定;とくてい;особо установленный, особый, специальный
1204;特売;とくばい;продажа по удешевлённым ценам
1205;溶け込む;とけこむ;вливаться во что-л., растворяться в чём-л., интегрироваться
1206;溶ける;とける;таять, растворяться, плавиться, сплавляться
1207;退ける;どける・のける;убирать с дороги, удалять, исключать, справляться
1208;床の間;とこのま;стенная ниша с приподнятым полом и полочками
1210;所々;ところどころ;местами, там и сям, кое-где
1211;都心;としん;центр города
1212;戸棚;とだな;шкаф, буфет
1213;;とっくに;очень давно
1214;;どっと;вдруг, сразу
1215;整う;ととのう;быть готовым (приготовленным), быть в порядке, быть согласованным
1216;留まる;とどまる;останавливаться, оставаться на месте
1217;怒鳴る;どなる;(за)кричать, (за)орать, воскликнуть, громко браниться
1218;飛び込む;とびこむ;влететь, впорхнуть, вскакивать куда-л., ввязываться (в ссору)
1219;跳ぶ;とぶ;прыгать, скакать, перепрыгивать, перескакивать
1220;泊める;とめる;пускать на ночь, оставлять ночевать, предоставлять место (номер)
1221;;ともかく;во всяком случае, так или иначе,  другое дело, не говоря уж
1222;捕える;とらえる; поймать, схватить, ухватиться, взять в плен
1223;取り入れる;とりいれる;класть, убирать во что-л., снимать урожай, заимствовать
1224;取り消す;とりけす;отменять, аннулировать, брать назад (слова), отказываться
1225;取り出す;とりだす;вынимать, доставать, вытаскивать, извлекать, выбирать из чего-л.
1226;採る;とる;принимать (меры), ловить насекомых, собирать фрукты, брать образец
1227;捕る;とる;брать, ловить (рыбу)
1228;;トレーニング;тренировка
1229;丼;どんぶり;большая фарфоровая чашка (миска), нашивной карман (рабочего жилета)
1230;内科;ないか;терапия, терапевтическое отделение
1231;内線;ないせん;внутренняя проводка, внутренний телефон
1232;;ナイロン;нейлон
1233;治す;なおす;исправлять, поправлять, чинить, ремонтировать, излечивать, вылечивать
1234;永い;ながい;долгий, вечный
1235;仲直り;なかなおり;примирение
1236;長引く;ながびく;затягиваться, долго длиться, долго тянуться
1237;中身・中味;なかみ;содержимое, содержание, засыпка, начинка
1238;中指;なかゆび;средний палец
1239;仲良し;なかよし;быть хорошими друзьями, дружные
1240;慰める;なぐさめる;утешать, успокаивать, развлекать кого-л.
1241;亡くす;なくす;терять кого-то (кто-то умер)
1242;殴る;なぐる;бить, колотить, ударять, небрежно относиться к работе
1243;為す;なす;делать, совершать
1244;謎々;なぞなぞ;загадка, намёк
1245;;なだらか;тихий, спокойный, мирный, отлогий, беглый (о речи)
1246;懐かしい;なつかしい;вспоминаемый с теплотой, дорогой, ностальгический
1247;撫でる;なでる;гладить, поглаживать, приглаживать, проводить рукой
1248;斜め;ななめ;косой, наклонный, недовольный
1249;何しろ;なにしろ;что ни говори, во всяком случае, как бы то ни было
1250;何々;なになに;Что?
1251;何分;なにぶん;что бы то ни было, во всяком случае, пожалуйста
1252;生意気;なまいき;самодовольство, нахальство, наглый, дерзкий
1253;並木;なみき;ряд деревьев (вдоль пороги)
1254;倣う;ならう;подражать, следовать примеру, создавать по образцу
1255;鳴らす;ならす;производить звук, рассказать повсюду, греметь (о славе)
1256;生る;なる;уродиться (о плодах)
1257;馴れる;なれる;привыкать, свыкаться, приручаться, привыкать (о животных)
1258;南極;なんきょく;Южный полюс, Антарктида
1259;何となく;なんとなく;почему-то, что-то, ни с того, ни с сего
1260;何とも;なんとも;ничего, никак, нисколько, совершенно, совсем
1261;;ナンバー;номер, цифра
1262;南米;なんべい;Южная Америка, южноамериканский
1263;南北;なんぼく;юг и север
1264;煮える;にえる;вариться, свариться, быть сваренным
1265;匂う;におう;пахнуть, издавать аромат, благоухать
1266;逃がす;にがす;выпускать (отпускать) на свободу, упускать
1267;憎い;にくい;ненавистный, противный
1268;憎む;にくむ;ненавидеть, питать отвращение
1269;憎らしい;にくらしい;противный, раздражающий
1270;濁る;にごる;стать мутным, замутиться, помутнеть, быть неясным, озвончаться
1271;虹;にじ;радуга
1272;日時;にちじ;дни и часы, время
1273;日用品;にちようひん;предметы первой необходимости
1274;日課;にっか;ежедневные занятия, дневное задание, программа дня
1275;日程;にってい;повестка (порядок) дня, программа, расписание, план
1276;鈍い;にぶい・のろい;тупой, тусклый (о свете), глухой (о звуке), медлительный, тугодум
1277;入社;にゅうしゃ;поступление на службу (в компанию, фирму)
1278;女房;にょうぼう;жена, придворная дама
1279;睨む;にらむ;злобно смотреть, следить, держать под подозрением, оценивать
1280;煮る;にる;варить, тушить
1281;俄;にわか;внезапно, вдруг, сразу же
1282;縫う;ぬう;шить, вышивать, зашивать
1283;濡らす;ぬらす;мочить, смачивать, увлажнять
1284;;ねじ;винт, шуруп
1285;捩る;ねじる;ввинчивать, завинчивать, ловить на обмолвке
1286;;ネックレス;ожерелье
1287;熱する;ねっする;сильно нагревать, раскалять, распаляться, горячиться
1288;寝間着・寝巻;ねまき;пижама, ночная одежда
1289;狙い;ねらい;прицеливание, цель
1290;狙う;ねらう;целиться, иметь целью что-л.
1291;年度;ねんど;отчётный год (финансовый, операционный, учебный)
1292;農産物;のうさんぶつ;сельскохозяйственные продукты, продукты сельского хозяйства
1293;農村;のうそん;деревня (в противоположность городу), аграрный
1294;濃度;のうど;густота, плотность, насыщенность, концентрация
1295;農薬;のうやく;сельскохозяйственные химикаты, удобрения, ядохимикаты
1296;能率;のうりつ;эффективность, КПД, производительность, продуктивность
1297;鋸;のこ;пила
1298;残らず;のこらず;все, всё (без остатка)
1299;載せる;のせる;класть, ставить, сажать, грузить, публиковать
1300;覗く;のぞく;заглядывать, мельком взглянуть, выглядывать, подглядывать
1301;延ばす;のばす;удлинять, продлевать, отсрочивать, отращивать (волосы)
1302;延びる;のびる;удлиняться, растягиваться, расти, отсрочиваться, откладываться
1303;上り;のぼり;дорога в гору, подъём, восхождение, идущий в столицу (поезд)
1304;上る;のぼる;идти вверх, подниматься, взбираться, повышаться, направляться в столицу
1305;糊;のり;клей, крахмал
1306;乗換;のりかえ;пересадка (транспортная)
1307;載る;のる;лежать на чём-л., быть погруженным, быть помещённым (в печати) 
1308;;のろのろ;вяло, медленно
1309;呑気;のんき;беспечный, беззаботный
1310;灰色;はいいろ;серый, пепельный цвет
1311;俳句;はいく;хайку (трёхстишие из стихов в 5—7—5 слогов)
1313;売店;ばいてん;киоск, ларёк, палатка
1314;;バイバイ;Пока!
1315;売買;ばいばい;купля и продажа, торговля, торговая сделка
1316;這う;はう;ползать, стлаться (о растениях)
1317;生える;はえる;расти (о растениях), расти (о волосах, ногтях), прорезаться (о зубах)
1318;剥す;はがす;обдирать, сдирать, срывать, отнимать, лишать
1319;馬鹿らしい;глупый, безрассудный, нелепый, безумный
1320;秤;はかり;весы
1321;量る・測る;はかる;мерить, измерять, взвешивать, подсчитывать, вычислять, оценивать
1323;吐き気;はきけ;тошнота
1324;;はきはき;проворный, энергичный, живой, проворно, энергично, живо
1325;掃く;はく;подметать, подкрашивать, подмазывать
1326;歯車;はぐるま;зубчатое колесо, шестерня
1327;;バケツ;ведро
1328;挟まる;はさまる;быть зажатым, находиться между чем-то
1329;挟む;はさむ;зажимать с двух сторон, класть между, закладывать за ухо, затыкать за пояс
1331;梯子;はしご;лестница
1332;始めに;はじめに;для начала, в первую очередь, во-первых
1333;初めに;はじめに;в начале чего-либо
1335;斜;はす;косой, наклонный, диагональный
1336;外れる;はずれる;соскакивать, открепляться, не попадать, не удаваться, противоречить
1337;;パターン;паттерн, образец, тип, шаблон, узор, титры
1338;肌着;はだぎ;нижнее бельё
1339;果して;はたして;как и предполагалось, как и следовало ожидать, на самом деле
1340;鉢;はち;миска, горшок (в том числе цветочный)
1342;発揮;はっき;проявлять, выказывать, обнаруживать, демонстрировать
1343;;バック;задний план, фон, поддержка
1344;発射;はっしゃ;стрельба, выстрел, огонь, запуск (ракеты), излучение, радиация
1345;発想;はっそう;выразительность, экспрессия, способ выражения замысла
1346;発電;はつでん;выработка электроэнергии
1347;発売;はつばい;выпуск в продажу
1348;派手;はで;яркий, кричащий, бьющий на эффект, шикарный, щегольской
1349;話合い;はなしあい;беседа, собеседование, переговоры, взаимопонимание, договорённость
1350;話し掛ける;はなしかける;обращаться к кому-л., заговаривать с кем-л.
1351;話中;はなしちゅう;"занято" (о телефоне)
1352;甚だしい;はなはだしい;сильный, чрезвычайный, огромный, ужасный
1353;花火;はなび;фейерверк
1354;花嫁;はなよめ;невеста
1355;放れる;はなれる;получить свободу, освободиться от чего-л.
1356;羽根;はね;перо, оперение, крылья
1357;発条;ばね;пружина, рессора
1358;跳ねる;はねる;прыгать, резко двигаться, вставать на дыбы, отскакивать, подскакивать (о ценах)
1359;破片;はへん;осколок, обломок, черепок
1360;歯磨き;はみがき;зубная паста, зубной порошок, чистка зубов
1361;嵌める・填める・篏める;はめる;вставлять, положить, (разг.) заниматься любовью, завлечь
1362;早口;はやくち;быстрая речь
1363;流行る;はやる;пользоваться большой популярностью, свирепствовать (о болезни)
1364;払い込む;はらいこむ;уплачивать, вносить (деньги), делать взнос
1365;払い戻す;はらいもどす;возвращать обратно (деньги)
1366;;バランス;баланс, равновесие
1367;針金;はりがね;проволока
1368;張り切る;はりきる;быть натянутым до отказа, быть напряжённым, быть полным воодушевления
1369;反映;はんえい;отражение
1370;半径;はんけい;радиус
1371;判子;はんこ;персональная печать (для подписи)
1372;万歳;ばんざい;Банзай! Ура!
1373;判事;はんじ;судья, судебный, судебная власть
1374;反省;はんせい;самопроверка, самоанализ, самокритика,  размышление, рефлексия
1375;番地;ばんち;номер дома, адрес
1376;;パンツ;трусы
1377;;バンド;банда, группа, лента, пояс, ремень, радио полоса, диапазон, набережная
1378;半島;はんとう;полуостров
1379;;ハンドル;ручка, рукоятка, руль, рулевое колесо, баранка (руля), штурвал
1380;日当たり;ひあたり;солнечное место
1381;日帰り;ひがえり;однодневная поездка
1382;比較的;ひかくてき;сравнительно, относительно
1383;日陰;ひかげ;тень
1384;;ぴかぴか;блестеть, сверкать, сверкающий, блестящий
1385;引受る;ひきうける;брать в свои руки, нести ответственность, заражаться чем-л.
1386;引返す;ひきかえす;поворачивать обратно, возвращаться
1387;引算;ひきざん;вычитание
1388;引出す;ひきだす;вынимать, вытаскивать, вытягивать, изымать (вклад)
1389;引き止める;ひきとめる;задерживать, задержать, удерживать
1390;卑怯;ひきょう;малодушие, трусость, низость
1391;引分;ひきわけ;ничья в спорте
1393;陽射;ひしゃ;солнечный свет, солнечные лучи
1394;肘;ひじ;локти, локоть
1395;;ピストル;пистолет
1396;;ビタミン;витамин
1397;引っ掛かる;ひっかかる;попасться (на уловку), быть пойманным, застрять
1398;筆記;ひっき;записывание, записи
1399;引っ繰り返す;ひっくりかえす;опрокидывать, переворачивать вверх дном, выворачивать наизнанку
1400;引っ繰り返る;ひっくりかえる;опрокидываться, переворачиваться, выворачиваться
1401;引越し;ひっこし;переезд, переселение
1402;引っ込む;ひっこむ;отступать, отходить, стоять в стороне, быть впалым
1403;筆者;ひっしゃ;автор, сущ. писавший
1404;必需品;ひつじゅひん;предмет первой необходимости
1405;人差指;ひとさしゆび;указательный палец
1406;一通り;ひととおり;комплект, набор, в общих чертах, бегло, вкратце, обычно
1407;人通り;ひとどおり;пешеходное движение, людность
1408;一先ず;ひとまず;на время, пока что, не надолго
1409;瞳;ひとみ;зрачок
1410;一休み;ひとやすみ;передышка
1411;独り言;ひとりごと;разговор с собой, монолог, думать вслух
1412;独りでに;ひとりでに;само собой (о событии)
1413;;ビニール;винил
1414;皮肉;ひにく;ирония, сарказм, цинизм
1415;日日;ひび;каждый день, изо дня в день, день за днём
1416;捻る;ひねる;крутить, вертеть, закручивать, выкручивать, наклонять
1417;日の入り;ひのいり;закат (солнца)
1418;日の出;ひので;восход (солнца)
1419;響き;ひびき;звук, шум, звон, грохот, отзвук, эхо
1420;響く;ひびく;звучать, звенеть, греметь, отзываться, сказываться на чём-л.
1421;皮膚;ひふ;анат. кожа
1422;冷やす;ひやす;остужать, замораживать
1423;百科事典;ひゃっかじてん;энциклопедия
1424;美容;びよう;красота фигуры
1425;表紙;ひょうし;обложка, переплёт
1426;標識;ひょうしき;опознавательный (предупредительный) знак, бакен, буй
1427;標準;ひょうじゅん;стандарт, норма, средний уровень, критерий, мерило
1428;標本;ひょうほん;экспонат, образчик, типичный образец
1429;評論;ひょうろん;критика, критический отзыв, рецензия, критическая статья
1431;;ビルディング;многоэтажное здание
1432;昼寝;ひるね;дневной сон
1433;広げる;ひろげる;расширять, распространять, разворачивать, расстилать
1434;広さ;ひろさ;ширина, протяжённость, площадь чего-л.
1435;広場;ひろば;площадь
1436;広々;ひろびろ;широкий, обширный, просторный
1437;広める;ひろめる;расширять, распространять, пропагандировать, знакомить с чем-л.
1438;;ピンク;розовый
1439;便箋;びんせん;почтовая бумага, блокнот с почтовой бумагой
1440;瓶詰;びんづめ;бутилирование, разлитый в бутылки
1441;;ファスナー;застежка "молния"
1442;風船;ふうせん;аэростат, воздушный шар
1443;不運;ふうん;злополучие, невезение
1444;殖える;ふえる;увеличиваться, расти, прибывать, прибавляться, размножаться
1445;深まる;ふかまる;углубляться, становиться глубже
1446;不規則;ふきそく;неправильный, нерегулярный, несистематический, беспорядочный
1447;普及;ふきゅう;распространение, диффузия
1448;付近;ふきん;окрестности
1449;拭く;ふく;вытирать, стирать
1450;副詞;ふくし;наречие
1451;複写;ふくしゃ;репродукция, копия
1452;複数;ふくすう;грам. множественное число
1453;含める;ふくめる;включать (в себя), растолковывать
1454;膨らます;ふくらます;надувать, взбивать
1455;膨らむ;ふくらむ;вздуваться, раздуваться, распухать, подниматься (о тесте)
1456;不潔;ふけつ;грязнота, нечистый, грязный
1457;更ける;ふける;темнеть (о ночи), делаться поздней (об осени)
1458;符号;ふごう;(условный) знак, значок, код
1459;夫妻;ふさい;супруги, муж и жена
1460;塞がる;ふさがる;быть закрытым, быть перегороженным, быть засорённым, быть занятым
1461;塞ぐ;ふさぐ;закрывать, затыкать, заполнять (время, вакансию), занимать (место)
1462;巫山戯る;ふざける;шутить, балагурить, баловаться, заигрывать, флиртовать
1463;武士;ぶし;воин, самурай
1464;部首;ぶしゅ;иероглифический ключ
1465;襖;ふすま;фусума (раздвижные бумажные двери)
1466;附属;ふぞく;прилагаться к чему-л.
1467;蓋;ふた;крышка, покрышка, чехол
1468;不通;ふつう;перерыв сообщения, разрыв отношений, неосведомлённость
1469;;ぶつかる;налетать, натыкаться на что-л., ударяться обо что-л., обращаться к кому-л.
1470;;ぶつける;швырять чем-л. в кого-л., ударяться обо что-л.
1471;物騒;ぶっそう;беспокойный, тревожный, ненадёжный, опасный
1472;;ぶつぶつ;ворчать, брюзжать, жаловаться, придираться, сыпь
1473;船便;ふなびん;пароходное сообщение, морская почта
1474;部品;ぶひん;детали, запчасти, принадлежности
1475;吹雪;ふぶき;метель, вьюга, буран, растрёпанные седые волосы
1476;父母;ふぼ;отец и мать, родители
1477;踏切;ふみきり;пересечение путей (ж/д), стартовая черта, выход за пределы круга арены
1478;麓;ふもと;подножие, подошва (горы)
1479;増やす;ふやす;увеличивать, приумножать
1480;;フライパン;сковородка
1481;;ブラウス;блузка
1482;;ぶらさげる;повесить, нести (на руке, в руке)
1483;;ブラシ;щётка
1484;;プラスチック;пластик, пластмасса
1485;;プラットホーム;платформа
1486;;フリー;свободный, бесплатный
1487;振り仮名;ふりがな;фуригана
1488;;プリント;печать, печатный оттиск, печатное издание
1489;振舞う;ふるまう;вести себя как-л., принимать, угощать
1490;;ブローチ;брошь, сверло
1491;;プログラム;комп. программа
1492;風呂敷;ふろしき;фуросики (цветной платок для завязывания в него вещей)
1493;;ふわふわ; мягко, легко, мягкий, нежный, пушистый, колеблющийся, легкомысленный
1494;噴火;ふんか;извержение вулкана
1495;分解;ぶんかい;разложение на составные части, расчленение, разборка, демонтаж, анализ 
1496;文芸;ぶんげい;художественная литература
1497;文献;ぶんけん;литература, библиография (по какому-л. вопросу), письменные источники
1498;噴水;ふんすい;фонтан, фонтанирующая вода
1499;分数;ぶんすう;мат. дробь
1500;文体;ぶんたい;литературный стиль
1501;分布;ぶんぷ;распространение, воен. распределение, рассеивание
1502;文房具;ぶんぼうぐ;письменные (канцелярские) принадлежности
1503;文脈;ぶんみゃく;контекст, ход изложения
1504;分量;ぶんりょう;количество, доза, норма
1505;分類;ぶんるい;классификация, сортировка
1506;閉会;へいかい;закрытие (заседания, сессии и т. п.)
1507;平気;へいき;спокойствие, хладнокровие, самообладание, равнодушие, безразличие
1508;並行;へいこう;идти рядом, идти плечом к плечу, параллель, параллельность
1509;平日;へいじつ;обычный день, обычное время, будни
1510;兵隊;へいたい;солдат, войска
1511;平凡;へいぼん;обычный, заурядный, банальный, посредственный, будничный, простой
1512;平野;へいや;равнина, открытое поле
1513;凹む;へこむ;вгибаться, оседать, поддаваться (при нажатии), сдаваться, струсить
1514;臍;へそ;пуп, пупок
1515;隔てる;へだてる;разделять, отгораживать, отдалять от кого-л., становиться между кем-л.
1516;別荘;べっそう;дача, вилла
1517;別々;べつべつ;отдельный, каждый, порознь, по отдельности, отдельно
1518;;ベテラン;ветеран, опытный человек
1519;;ヘリコプター;вертолёт
1521;;ぺん;ручка
1522;編集;へんしゅう;составление и редактирование, монтаж
1523;便所;べんじょ;уборная, туалет
1524;;ペンチ;щипцы, плоскогубцы, клещи
1525;望遠鏡;ぼうえんきょう;телескоп
1526;方角;ほうがく;направление (в т.ч. по компасу)
1527;箒;ほうき;метла, веник
1528;方言;ほうげん;диалект
1529;坊さん;ぼうさん;буддийский монах
1530;防止;ぼうし;предотвращение
1531;方針;ほうしん;магнитная стрелка, курс, политическая линия
1532;包装;ほうそう;упаковка, обёртка
1533;法則;ほうそく;закон, правило
1534;包帯;ほうたい;бинт, повязка, перевязка
1535;膨大;ぼうだい;расширение, разбухание, мед. опухание, объёмистый, громадный
1536;庖丁;ほうちょう;кухонный нож
1537;方程式;ほうていしき;мат. уравнение
1538;防犯;ぼうはん;предупреждение преступлений, борьба с преступностью
1539;方面;ほうめん;сторона, направление, воен. направление, фронт, местность, район, сфера
1540;坊や;ぼうや;мальчик, мальчуган
1541;放る;ほうる;бросать, кидать куда-л., в кого-л., забрасывать, выбрасывать
1542;;ボーナス;бонус, наградные, премия
1543;朗らか;ほがらか;ясный, чистый, бодрый, весёлый
1544;牧場;ぼくじょう;пастбище, выпас, выгон, пастбищный луг, скотоводческое хозяйство
1545;牧畜;ぼくちく;скотоводство
1546;保健;ほけん;здравоохранение, санитария, гигиена
1547;募集;ぼしゅう;вербовка, набор, призыв, объявление подписки, объявление конкурса
1548;干す;ほす;сушить, высушивать, проветривать (вещи), осушать
1549;;ポスター;афиша, плакат, постер
1550;北極;ほっきょく;Северный Полюс, полярный, арктический
1551;坊っちゃん;ぼっちゃん;мальчуган, малыш, сынок, сыночек, маменькин сынок
1552;解く;ほどく;развязывать, распутывать, распускать, распарывать
1553;堀;ほり;канава, ров, канал
1554;掘る;ほる;копать, бурить, искать в земле, выкапывать, ковырять, выковыривать
1555;彫る;ほる;вырезать, гравировать, делать татуировку
1556;;ぼろ;тряпьё, ветошь, отрепья, лохмотья, рвань, рубище
1557;盆;ぼん;праздник О-Бон, поднос
1558;盆地;ぼんち;котловина, впадина, низина
1559;本部;ほんぶ;штаб, главное управление, штаб-квартира
1560;本来;ほんらい;первоначально, по существу, само по себе, естественно, по природе
1561;;まあまあ;полноте, довольно, ну, ну!, вероятно, о!, ах!
1562;枚数;まいすう;число листов (страниц), объём (рукописи, книги)
1563;毎度;まいど;каждый раз, постоянно, всегда
1564;;マイナス;минус
1565;巻く;まく;скатывать, свёртывать, скручивать, наматывать, обматывать
1566;蒔く;まく;сеять что-л., засевать чем-л.
1567;撒く;まく;рассыпать, разбрызгивать, распылять, ускользать, сбивать со следа, сеять
1568;枕;まくら;подушка, валик (под голову), тех. станина
1569;曲げる;まげる;сгибать, искривлять, накренять, поворачивать, искажать, извращать
1570;;まごまご;запутаться, растеряться, допустить промах, околачиваться, мешкать
1571;摩擦;まさつ;трение, трения (разногласия)
1572;混ざる・混じる;まざる・まじる;быть смешанным (перемешанным), быть примешанным, быть разбавленным
1574;;マスク;маска, респиратор
1575;混ぜる・交ぜる;まぜる;смешивать, примешивать, подбавлять, включать
1576;跨ぐ;またぐ;переступать, перешагивать (напр. через лужу), садиться верхом
1578;待合室;まちあいしつ;комната (зал) ожидания
1579;待ち合わせる;まちあわせる;встречаться (условившись о встрече), иметь рандеву
1580;街角;まちかど;угол улицы
1581;真っ暗;まっくら;полностью тёмный
1582;真っ黒;まっくろ;полностью чёрный
1583;真っ青;まっさお;тёмно-синий, полностью синий
1584;真っ先;まっさき;впереди всех, раньше всех, прежде всего, самый первый
1585;真っ白;まっしろ;полностью белый, белоснежный
1586;祭る;まつる;обожествлять кого-л., поклоняться кому-л.
1587;窓口;まどぐち;окно, окошко (напр. у кассы, бюро пропусков и т. п.)
1588;纏まる;まとまる;быть собранным воедино, быть приведённым в порядок, быть разрешённым, уладиться
1589;纏める;まとめる;собирать вместе (воедино), приводить в порядок, заканчивать, улаживать
1590;真似る;まねる;подражать кому-л., имитировать кого-что-л., следовать примеру
1591;眩しい;まぶしい;ослепительный, слепящий
1592;瞼;まぶた;веки
1593;;マフラー;шарф
1594;間も無く;まもなく;скоро, в ближайшее время
1595;;マラソン;марафон
1597;稀;まれ;редкий, редкостный, необычный, редко
1598;回り道;まわりみち;окольный (непрямой) путь, дорога в объезд
1599;満員;まんいん;быть переполненным (мест нет, нет билетов)
1600;;マンション;многоквартирный дом, жилой дом
1601;満点;まんてん;высшая оценка, совершенство, безупречность
1602;見送る;みおくる;провожать, прощаться, смотреть как кто-то уходит, упускать
1603;見下ろす;みおろす;обозревать, смотреть сверху
1604;見掛け;みかけ;внешний вид
1605;三日月;みかづき;месяц, новолуние
1606;岬;みさき;мыс
1607;;みじめ;грустный, несчастный, жалкий
1608;;ミシン;швейная машинка
1609;店屋;みせや;магазин, лавка
1610;見出し;みだし;заголовок
1611;道順;みちじゅん;маршрут, курс, путь
1614;;みっともない;позорный, неприличный
1615;見直す;みなおす;пересмотр, повторный взгляд
1616;見慣れる;みなれる;привыкать (видеть что-то)
1617;醜い;みにくい;уродливый, непривлекательный
1618;実る;みのる;приносить плоды, созревать
1619;身分;みぶん;социальное положение
1620;見本;みほん;сэмпл, образец
1621;見舞う;みまう;навещать (особ. больного)
1622;未満;みまん;менее, недостаточно
1623;名字;みょうじ;фамилия
1624;;ミリ;милли- (метр, грамм и т.п.)
1625;診る;みる;делать медицинский осмотр
1626;民間;みんかん;частный, гражданский, негосударственный
1627;民謡;みんよう;народная песня, фольклор
1628;向う;むこう;встречать, идти навстречу, быть лицом к
1629;剥く;むく;очищать от кожи, шкуры, чешуи
1630;無限;むげん;бесконечный, безлимитный
1631;無地;むじ;гладкий
1632;蒸し暑い;むしあつい;душный, жаркий, знойный
1633;矛盾;むじゅん;противоречие
1634;蒸す;ふかす;парить, выпаривать, быть знойным
1635;無数;むすう;бесконечный, очень большое число
1636;紫;むらさき;фиолетовый, сиреневый
1637;群れ;むれ;группа, стадо, табун, стая, кластер и т.п.
1638;姪;めい;племянница
1639;名作;めいさく;шедевр
1640;名刺;めいし;визитная карточка
1641;名詞;めいし;существительное
1642;名所;めいしょ;известное место, достопримечательность
1643;命ずる;めいずる;командовать, указывать, назначать
1644;迷信;めいしん;суеверие
1645;名物;めいぶつ;известный/местный/особый товар, специализация (магазина, производства)
1646;銘々;めいめい;каждый, индивидуально
1647;目上;めうえ;начальник
1648;;メーター;метр, прибор для измерения
1649;恵まれる;めぐまれる;быть наделенным (напр. талантом)
1650;巡る;めぐる;ходить вокруг, возвращаться, окружать
1651;目指す;めざす;целиться в, приглядываться, проявлять интерес, "положить глаз"
1652;目覚し;めざまし;будильник
1653;目下;めした;подчиненный
1654;目印;めじるし;знак, ориентир
1655;目立つ;めだつ;выделяться
1656;;めちゃくちゃ;абсурд, нонсенс, бессмыслица, беспорядок
1657;;めっきり;замечательно
1658;;めでたい;счастливый, благоприятный, радостный
1659;;メニュー;меню
1660;目眩;めまい;головокружение
1661;目安;めやす;критерий, оценка, стандарт, грубая оценка, округление, приближение
1662;免税;めんぜい;освобождение от налогов, пошлины
1663;面積;めんせき;площадь (мат.)
1664;面接;めんせつ;интервью
1665;面倒臭い;めんどうくさい;беспокойный, утомительный, помеха
1666;儲かる;もうかる;быть прибыльным, приносить прибыль
1667;儲ける;もうける;получать прибыль, зарабатывать, получать, выигрывать
1668;申し訳ない;もうしわけない;Извините! непростительный, большое спасибо (за помощь)
1669;;モーター;мотор, двигатель
1670;木材;もくざい;древесина, дерево как материал
1671;目次;もくじ;содержание, оглавление
1672;潜る;もぐる;нырять, проскочить, избежать
1673;;もしかしたら・もしかすると;возможно, может быть
1674;;もたれる;опираться, прислоняться, облокачиваться, плохо перевариваться
1675;;モダン;современный
1676;餅;もち;моти (рисовая лепешка)
1677;;もったいない;кощунственный, лицемерный, нечестивый, слишком хороший
1678;;モデル;модель
1679;元々;もともと;изначально, от природы
1680;物置;ものおき;склад, кладовая
1681;物語る;ものがたる;говорить, означать
1682;物差し;ものさし;линейка, средство измерения
1683;物凄い;ものすごい;поразительный, ошеломляющий, ужасный
1684;;モノレール;монорельс
1685;紅葉;もみじ;желтые или красные листья
1686;揉む;もむ;тереть, мять, массировать
1687;燃やす;もやす;сжигать
1688;催し;もよおし;событие, фестиваль, собрание, представление
1689;盛る;もる;подавать (еду), накладывать, давать лекарство
1690;問答;もんどう;вопросы и ответы, диалог
1691;;やかましい;шумный, бурный, возбужденный
1692;夜間;やかん;ночью, в ночное время
1693;薬缶;やかん;чайник
1694;役者;やくしゃ;актёр, актриса
1695;役所;やくしょ;правительственное, государственное или муниципальное учреждение
1696;訳す;やくす;переводить, интерпретировать
1697;役人;やくにん;чиновник
1698;薬品;やくひん;медикаменты, химикаты
1699;役目;やくめ;обязанность, роль, служба, дело
1700;火傷;やけど・かしょう;ожог
1701;夜行;やこう;хождение (езда, путешествие) ночью, ночной поезд
1702;矢印;やじるし;(указательная) стрелка
1703;矢鱈に;やたらに;без разбора, как попало, наобум, наудачу, необдуманно, неосмотрительно
1704;薬局;やっきょく;аптека
1705;遣付ける;やっつける;накинуться, броситься на, побить, проучить, расправиться, прикончить
1706;家主;やぬし;домовладелец, хозяин дома, арендодатель
1707;;やっぱり;всё-таки, всё же, всё равно, всё ещё, по-прежнему, также, тоже
1708;破く;やぶく;разбивать, ломать, прорывать(ся), вламываться, побивать рекорд, разбивать врага, нарушать правила, срывать (планы)
1709;破れる;やぶれる;ломаться, снашиваться, прерываться, быть побеждённым, терпеть неудачу
1710;止むを得ない;やむをえない;неизбежный, неминуемый, вынужденный, обязательный
1712;遊園地;ゆうえんち;парк, площадка для игр (для гулянья)
1713;夕刊;ゆうかん;вечерний выпуск (газеты)
1714;友好;ゆうこう;дружба
1715;郵送;ゆうそう;посылка по почте
1716;夕立;ゆうだち;(внезапный) вечерний дождь
1717;夕日;ゆうひ;заходящее солнце
1718;悠々;ゆうゆう;спокойно, неторопливо, безмятежно, огромный, безграничный
1719;有料;ゆうりょう;платный, за деньги
1720;浴衣;ゆかた;юката (лёгкое летнее кимоно)
1721;湯気;ゆげ;пар
1722;輸血;ゆけつ;переливание крови
1723;輸送;ゆそう;перевозка, транспортировка
1724;油断;ゆだん;невнимательность, небрежность, неосторожность
1725;茹でる;ゆでる;кипятить, варить, отваривать
1726;湯飲み;ゆのみ;чайная чашка
1727;緩い;ゆるい;нетугой, неплотный, медленный, не резкий, не крутой
1728;溶岩;ようがん;лава (вулканическая)
1729;容器;ようき;сосуд, вместилище, контейнер, посуда
1730;用語;ようご;термин, терминология, номенклатура, язык, слог, словарь, запас слов
1731;要旨;ようし;основное содержание, суть
1732;幼児;ようじ;ребёнок, дитя, младенец
1733;容積;ようせき;ёмкость, вместимость, объём, кубический
1734;幼稚;ようち;детский, инфантильный
1735;幼稚園;ようちえん;детский сад
1736;用途;ようと;применение, использование, способ использования, назначение (предмета)
1737;洋品店;ようひんてん;магазин импортных товаров
1738;養分;ようぶん;питательные элементы, питательность
1739;羊毛;ようもう;шерсть
1740;漸く;ようやく;постепенно, мало-помалу, наконец, в конце концов, еле-еле
1741;要領;ようりょう;суть, сущность
1742;欲張り;よくばり;жадность, алчность, скупость, скаред
1743;余計;よけい;излишек, лишнее
1744;遣す･寄越す;よこす;посылать, передавать, давать
1745;汚す;よごす;пачкать, загрязнять
1746;寄せる;よせる;приближать, подпускать, собирать, созывать, складывать, отправлять
1747;余所;よそ;в другом месте, другой, из других мест, чужой
1748;四つ角;よつかど;перекрёсток
1749;酔っ払い;よっぱらい;пьяный, пьяница
1750;予備;よび;подготовка, запас, резерв
1751;呼び掛ける;よびかける;окликать, обращаться к кому-либо, призывать кого-л. к чему-л.
1752;呼び出す;よびだす;вызывать кого-л.
1753;蘇る;よみがえる;оживать, воскресать
1754;因る;よる;основываться на, выводиться из
1755;慶び;よろこび;радость, восторг, удовольствие, поздравление
1756;慶ぶ;よろこぶ;радоваться, восторгаться, поздравлять
1757;来日;らいにち;приезд в Японию
1758;落第;らくだい;провал, отчисление
1759;;ラッシュアワー;час пик
1760;欄;らん;колонка, столбец, полоса, графа, ограда, перила
1761;;ランチ;ланч
1762;;ランニング;бег, соревнование в беге
1763;乱暴;らんぼう;буйство, дебоширство, хулиганство, грубый, беззаконный, непомерный
1764;理科;りか;наука
1765;利害;りがい;преимущества и недостатки, выгоды и убытки, интересы
1766;;リズム;ритм
1767;;リットル;литр
1768;;リボン;ленточка
1769;略す;りゃくす;сокращать, опускать
1770;流域;りゅういき;бассейн реки
1771;寮;りょう;общежитие
1772;両側;りょうがわ;обе стороны
1773;漁師;りょうし;рыбак
1774;領事;りょうじ;консул
1775;領収;りょうしゅう;квитанция, расписка
1776;臨時;りんじ;экстренный, чрезвычайный, специальный, на случай, временный
1777;留守番;るすばん;присмотр за домом, присматривающий за домом
1778;例外;れいがい;исключение
1779;零点;れいてん;ноль, ничто
1780;冷凍;れいとう;замораживание, хранение в холодном месте
1781;;レインコート;дождевик
1782;;レクリェーション;отдых
1783;;レジャー;отдых, свободное время
1784;列島;れっとう;архипелаг, острова
1785;;レベル;уровень
1786;;リポート;отчет, доклад
1787;煉瓦;れんが;кирпич
1788;連合;れんごう;объединение, союз, ассоциация
1789;;レンズ;линзы, объектив
1790;蝋燭;ろうそく;свеча
1791;;ローマじ;запись латинскими буквами
1792;録音;ろくおん;звукозапись, грамзапись, запись по трансляции
1793;;ロッカー;шкаф, ящик
1794;;ロビー;вестибюль, лобби
1795;論ずる;ろんずる;спорить, обсуждать
1796;和英;わえい;японско-английский
1797;分る;わかる;быть ясным, понятным, понятым
1798;分かれる;わかれる;разделяться, отделяться, расходиться
1799;若々しい;わかわかしい;совсем юный, очень молодой
1800;湧く;わく;бить (о фонтане), возникать, внезапно появляться, заводиться (о насекомых)
1801;詫びる;わびる;извиняться, просить прощения за что-л.
1802;和服;わふく;японская одежда
1804;割算;わりざん;мат. деление
1805;割と;わりと;сравнительно, относительно
1806;割引;わりびき;скидка, дисконт
1807;椀;わん;японская деревянная чаша
1808;碗;わん;фарфоровая чаша
1809;;ワンピース;платье (женское, европейского покроя), детский комбинезон
1810;交じる;まじる;быть смешанным, быть примешанным, быть разбавленным, замешаться
1811;交ざる;まざる;быть смешанным, быть примешанным, смешаться, замешаться
1812;混ぜる;まぜる;смешивать, подмешивать
1813;逃す;のがす;давать убежать, упускать (шанс)
1814;殖やす;ふやす;увеличивать, приумножать, расширять, разводить (скот)
1815;難い;かたい;трудный, сложный, невозможный
