ID;JP;JP_KANA;RU
1;先端;せんたん;острие, наконечник, авангард, передовой, вершина
2;;センチ;сантиметр
3;宣伝;せんでん;пропаганда, реклама
4;先頭;せんとう;главенство, лидерство
5;全般;ぜんぱん;весь, всё, всеобщий
6;扇風機;せんぷうき;электровентилятор
7;線路;せんろ;линия, железнодорожный путь
8;相違;そうい;разница, отклонение
9;雑巾;ぞうきん;тряпка
10;増減;ぞうげん;увеличение и снижение, подъем и падение, колебание
11;倉庫;そうこ;склад, кладовая
12;相互;そうご;взаимность
13;創作;そうさく;творчество, оригинальное произведение
14;葬式;そうしき;похороны
15;造船;ぞうせん;судостроение, кораблестроение
16;騒々しい;そうぞうしい;шумный, беспокойный
17;増大;ぞうだい;увеличение, расширение
18;;そうっと;мягко, тихо, тайком
19;送別;そうべつ;проводы
20;草履;ぞうり;дзори (японские сандалии)
21;総理大臣;そうりだいじん;премьер-министр
22;送料;そうりょう;пересылка, плата за пересылку
23;属する;ぞくする;относиться (к клубу, партии), принадлежать, быть подчиненным
24;続々;ぞくぞく;один за другим, непрерывно, последовательно
25;速達;そくたつ;срочная доставка
26;測定;そくてい;измерение, межевание, съёмка
27;測量;そくりょう;измерение, топографическая съёмка, межевание
28;速力;そくりょく;скорость, быстрота
29;素質;そしつ;одаренность, натура, задатки, предрасположение
30;祖先;そせん;предок, прародитель
31;;そそっかしい;необдуманный, опрометчивый, рассеянный
32;卒直;そっちょく;откровенность, искренность, прямота
33;具える;そなえる;приготовиться, оборудовать, запастись
34;;そのうえ;в добавок, кроме того
35;;そのころ;в то время, тогда
36;;そのため;поэтому, из-за этого, за это
37;;そのほか;кроме того, помимо
38;蕎麦;そば;соба (гречневая лапша)
39;剃る;そる;брить, бриться
40;;それなのに;тем не менее, несмотря на, и всё же
41;逸れる;それる;отклониться, свернуть в сторону, пролететь мимо
42;揃う;そろう;быть подобранным, подойти, стать полным, собраться
43;揃える;そろえる;подобрать, прибрать, привести в порядок, сделать равным, укомплектоваться
44;算盤;そろばん;счёты, расчёт
45;存じる;ぞんじる;знать, думать (уваж.)
46;存ずる;ぞんずる;знать, думать (уваж.)
47;損得;そんとく;преимущества и недостатки, потери и приобретения
48;田んぼ;たんぼ;рисовое поле, ферма
49;第一;だいいち;первый, самый, номер один
50;大学院;だいがくいん;аспирантура
51;大工;だいく;плотник
52;体系;たいけい;система, организация, структура
53;太鼓;たいこ;барабан
54;対策;たいさく;контрмеры, ответные мероприятия
55;大して;たいして;не очень (с отриц.)
56;対照;たいしょう;контраст, сравнение, противопоставление
57;大小;だいしょう;размер, величина
58;体制;たいせい;система, структура, организация, строй
59;体積;たいせき;вместимость, ёмкость, объём
60;大層;たいそう;очень, чрезвычайно
61;体操;たいそう;гимнастика, гимнастические упражнения
62;大木;たいぼく;большое дерево
63;題名;だいめい;заглавие
64;代名詞;だいめいし;местоимение, синоним, пример, поговорка
65;;タイア;шина, покрышка
66;;ダイヤグラム;диаграмма, график, схема
67;;ダイヤモンド;алмаз, бриллиант
68;;ダイヤル;циферблат, шкала, указатель, телефонный диск
69;対立;たいりつ;противопоставление, противотечение, расхождение
70;田植え;たうえ;посадка риса
71;絶えず;たえず;постоянно, всегда, продолжительно
72;楕円;だえん;эллипс, овал
73;高める;たかめる;поднимать, увеличивать
74;耕す;たがやす;пахать, возделывать
75;滝;たき;водопад
76;炊く;たく;готовить, варить
77;焚く;たく;жечь, сжечь, топить
78;蓄える;たくわえる;хранить, сберечь, запасти, накопить
79;竹;たけ;бамбук
80;助かる;たすかる;быть спасенным, спастись
81;但し;ただし;но, однако
82;畳む;たたむ;сложить, закрыть складывая
83;立ち止まる;たちどまる;останавливаться, замирать
84;;たちまち;неожиданно, вдруг, мгновенно
85;建つ;たつ;стоять, подняться, быть воздвигнутым, быть учрежденным
86;発つ;たつ;отправляться
87;脱線;だっせん;сход с рельсов, отклонение
88;妥当;だとう;подобающий, уместный, подходящий
89;例える;たとえる;сравнивать, уподобить, пояснить наглядным примером, образно выражаться
90;頼もしい;たのもしい;надежный, заслуживающий доверия
91;足袋;たび;таби (японские носки)
92;;ダブル;двойной
93;騙す;だます;обманывать, сбивать с толку, вводить в заблуждение
94;溜まる;たまる;собираться, накапливаться
95;;ダム;дамба, плотина
96;溜息;ためいき;вздох
97;躊躇う;ためらう;колебаться, сомневаться, не решаться
98;溜める;ためる;собирать, накапливать, отложить, оставить недоделанным
99;;だらしない;неопрятный, неряшливый, неаккуратный, небрежный
100;足る;たる;быть достаточным, заслуживать, быть довольным
101;段階;だんかい;ступень, стадия, этап
102;短期;たんき;краткосрочный
103;炭鉱;たんこう;каменноугольная шахта
104;短所;たんしょ;дефект, недостаток, слабое место
105;箪笥;たんす;комод, шкаф
106;淡水;たんすい;пресная вода
107;断水;だんすい;приостановка водоснабжения
108;単数;たんすう;единственное число
109;団地;だんち;жилой массив, микрорайон
110;断定;だんてい;решение, вывод, заключение, утверждение
111;短編;たんぺん;небольшое произведение
112;誓う;ちかう;клясться, дать клятву
113;地下水;ちかすい;подземные воды
114;近々;ちかぢか;скоро, в ближайшее время
115;近付ける;ちかづける;приблизить, подпустить, общаться с
116;近寄る;ちかよる;подходить, быть близко
117;力強い;ちからづよい;сильный, могущественный
118;千切る;ちぎる;разорвать, рвать
119;地質;ちしつ;качества почвы
120;知人;ちじん;знакомство, знакомый
121;地帯;ちたい;зона, полоса, пояс, район
122;縮む;ちぢむ;сжаться, съёжиться, ссохнуться, уменьшиться, сесть (после стирки)
123;縮める;ちぢめる;сузить, съёжить, укоротить, уменьшить
124;縮れる;ちぢれる;виться, измяться, морщиться
125;;チップ;чаевые, чип, чипсы
126;地点;ちてん;пункт, точка на местности, место
127;地名;ちめい;название местности, географическое название
128;茶色い;ちゃいろい;коричневый, светло-коричневый
129;着々;ちゃくちゃく;постоянно, шаг за шагом, успешно
130;中間;ちゅうかん;середина, промежуток, промежуточный, посреднический
131;中旬;ちゅうじゅん;вторая декада месяца
132;抽象;ちゅうしょう;абстрактный
133;中世;ちゅうせい;средневековье
134;中性;ちゅうせい;нейтральный, средний род
135;中途;ちゅうと;полпути, полдороги
136;中年;ちゅうねん;средний возраст
137;超過;ちょうか;превышение
138;彫刻;ちょうこく;резьба, ваяние, гравировка, скульптура
139;長所;ちょうしょ;достоинство, преимущество, сильная сторона
140;長女;ちょうじょ;старшая дочь
141;調整;ちょうせい;регулирование, настройка
142;調節;ちょうせつ;регулирование, наладка, настройка
143;長短;ちょうたん;длина, достоинства и недостатки
144;頂点;ちょうてん;верх, вершина, апогей, кульминация
145;長男;ちょうなん;старший сын
146;長方形;ちょうほうけい;прямоугольник
147;調味料;ちょうみりょう;приправа
148;;チョーク;мел
149;直後;ちょくご;сразу после
150;直線;ちょくせん;прямая линия
151;直前;ちょくぜん;непосредственно перед
152;直通;ちょくつう;прямое сообщение, беспересадочный
153;直流;ちょくりゅう;постоянный ток
154;貯蔵;ちょぞう;хранение, сохранение, сбережение
155;直角;ちょっかく;прямой угол
156;直径;ちょっけい;диаметр
157;散らかす;ちらかす;разбрасывать, привести в беспорядок
158;散らかる;ちらかる;быть в беспорядке, быть разбросанным
159;散らす;ちらす;разбросать, рассыпать, рассеять, разогнать
160;塵紙;ちりがみ;салфетка, туалетная бумага
161;散る;ちる;рассыпаться, осыпаться, опасть, расползтись
162;追加;ついか;дополнение, прибавка, добавка
163;序で;ついで;возможность, удобный случай
164;通貨;つうか;валюта
165;通勤;つうきん;добираться до работы
166;通ずる;つうずる;быть знатоком, владеть, хорошо знать, быть понятным, сообщить
167;通知;つうち;извещение, уведомление, информация
168;通帳;つうちょう;банковская книжка
169;通訳;つうやく;устный перевод
170;通用;つうよう;использование, обращение, употребление, быть в силе
171;通路;つうろ;проход, дорога, путь
172;付合う;つきあう;поддерживать знакомство, составлять компанию, встречаться
173;突き当たり;つきあたり;конец (улицы, прохода)
174;突き当たる;つきあたる;натыкаться, упираться, дойти до конца
175;月日;つきひ;время, годы, дата
176;突く;つく;включаться (свет)
177;次ぐ;つぐ;следовать за, стоять за
178;作る・造る;つくる;делать, создавать, производить, конструироваться
179;着ける;つける;присоединять, добавлять, прикреплять, приклеить, носить
180;浸ける;つける;замачивать, замариновать
181;伝わる;つたわる;передаваться, сообщиться, распространиться, быть наследованным
182;突っ込む;つっこむ;сунуть, втолкнуть, вставлять, погрузить, окунуть
183;務める;つとめる;работать, служить
184;努める;つとめる;стараться, прилагать усилия, стремиться
185;綱;つな;канат, верёвка, трос
186;繋がり;つながり;отношение, связь, родство
187;繋がる;つながる;быть связанным, быть прикрепленным, быть соединенным, следовать один за другим
188;繋げる;つなげる;соединять, связывать
189;粒;つぶ;зерно, зёрнышко, капля
190;潰す;つぶす;раздавить, убить (время), крушить, ломать, промотать
191;潰れる;つぶれる;быть раздавленным, быть разрушенным, истратиться, обанкротиться
192;躓く;つまずく;спотыкаться, оступаться, натыкаться на препятствие
193;詰まる;つまる;быть засоренным, завалить, заложить, наполниться
194;積む;つむ;нагромоздить, навалить, скопить, загружать (напр. грузовик)
195;艶;つや;блеск, глянец, шарм, романтика, молодость
196;強気;つよき;непоколебимая позиция
197;釣り合う;つりあう;удержать равновесие, соответствовать, подходить
198;吊る;つる;повесить, подвесить
199;吊す;つるす;повесить, подвесить
200;出合い;であい;столкновение, встреча
201;手洗い;てあらい;туалет
202;定員;ていいん;штат, штатный состав, установленное число
203;定価;ていか;установленная цены
204;低下;ていか;снижение, падение, угасание
205;定期券;ていきけん;абонемент, проездной
206;定休日;ていきゅうび;выходной день
207;停止;ていし;остановка, задержка, прекращение
208;停車;ていしゃ;остановка транспорта
209;停電;ていでん;отключение электричества
210;出入り;でいり;вход и выход, приход и уход, посещение, приход и расход
211;出入口;でいりぐち;вход и выход
212;手入れ;ていれ;ремонт, содержание, обращение, налёт полиции
213;;テーマ;тема
214;出来上がり;できあがり;завершение, отделка, качество, работа
215;出来上がる;できあがる;быть готовым, быть сделанным
216;的確・適確;てきかく・てっかく;точный, аккуратный, меткий
217;凸凹;でこぼこ;неровность, неравенство, выступы и впадины
218;手頃;てごろ;удобный, приемлемый, нормальный
219;出鱈目;でたらめ;вздорный, сказанный наобум, ненадёжный
220;手帳;てちょう;записная книжка, блокнот
221;鉄橋;てっきょう;железнодорожный мост, железный мост
222;手続き;てつづき;процедура, формальность
223;鉄砲;てっぽう;ружьё
224;;テニスコート;теннисный корт
225;手拭い;てぬぐい;полотенце для рук
226;出迎え;でむかえ;встреча, приём
227;出迎える;でむかえる;встречать, пойти навстречу, принимать (гостей)
228;照らす;てらす;сверкать, освещать, сопоставлять
229;照る;てる;светить, сиять, светиться
230;展開;てんかい;развитие, развертывание
231;伝記;でんき;биография
232;電球;でんきゅう;электрическая лампочка
233;点数;てんすう;оценки, баллы, очки
234;伝染;でんせん;заражение, зараза, инфекция
235;電池;でんち;батарейка
236;点々;てんてん;тут и там, местами
237;転々;てんてん;катиться, скитаться, переходить с места на место
238;電柱;でんちゅう;столб для электролиний, телеграфный столб
239;天皇;てんのう;император Японии
240;電波;でんぱ;электромагнитные волны, радиоволны
241;;テンポ;темп, быстрота
242;電流;でんりゅう;электрический ток
243;電力;でんりょく;электроэнергия, сила тока
244;問い合わせ;といあわせ;запрос, справка, анкета
245;銅;どう;медь
246;統一;とういつ;единство, объединение, союз, совместный
247;同格;どうかく;одного уровня, того же разряда
248;峠;とうげ;перевал, перелом, критический момент, кульминационный пункт
249;統計;とうけい;статистика, статистические данные
250;動作;どうさ;действия, движения, поведение, манеры
251;東西;とうざい;восток и запад
252;当日;とうじつ;назначенный день, тот день
253;投書;とうしょ;письмо, сообщение в газету (от читателя)
254;登場;とうじょう;выход на сцену
255;;どうせ;в любом случае, так или иначе, в конце концов
256;灯台;とうだい;маяк
257;盗難;とうなん;кража, воровство
258;当番;とうばん;дежурство
259;等分;とうぶん;деление поровну
260;透明;とうめい;прозрачный
261;灯油;とうゆ;керосин, гарное масло
262;東洋;とうよう;восточный, азиатский
263;童話;どうわ;сказка, рассказ для детей
264;通り掛かる;とおりかかる;случайно проходить мимо
265;溶かす;とかす;растворить, расплавить, растопить
266;尖る;とがる;заостриться, сделаться острым
267;;どきどき;пульсировать, учащённо биться (про сердце)
268;溶く;とく;растворить, расплавить, растопить
269;退く;どく・のく;отойти в сторону, отступиться, оставить (пост)
270;特殊;とくしゅ;особый, специфические, характерный, своеобразный
271;特色;とくしょく;особенность, отличительная черта
272;特長;とくちょう;достоинство, сильная сторона
273;特定;とくてい;специальный, особо установленный
274;特売;とくばい;распродажа, продажа по сниженной цене
275;溶け込む;とけこむ;слиться, соединиться, адаптироваться
276;溶ける;とける;плавиться, таять, растворяться
277;退ける;どける・のける;удалять, убирать, исключаться, отложить в сторону
278;床の間;とこのま;стенная ниша с приподнятым полом и полочками
279;所々;ところどころ;там и сям, местами, кое-где
280;都心;としん;сердце города
281;戸棚;とだな;шкаф, шкафчик, буфер, гардероб
282;;とっくに;уже давно
283;;どっと;внезапно, вдруг, сразу
284;整う;ととのう;быть подготовленным, упорядоченным, приведённым в порядок, налаженным
285;留まる;とどまる;оставаться, останавливаться
286;怒鳴る;どなる;кричать, вопить
287;飛び込む;とびこむ;впрыгивать, влетать, нырнуть, ввязаться
288;跳ぶ;とぶ;прыгать, летать, мчаться, парить
289;泊める;とめる;приютить, пустить на ночлег
290;;ともかく;в любом случае, как бы то ни было, все-таки
291;捕える;とらえる;поймать, арестовывать, схватить
292;取り入れる;とりいれる;класть, убирать во что-л., снимать урожай, заимствовать
293;取り消す;とりけす;отменять, взять назад, аннулировать
294;取り出す;とりだす;вынуть, выбрать, отобрать
295;採る;とる;ловить (насекомых), собирать (фрукты), нанимать на работу
296;捕る;とる;брать, ловить (рыбу)
297;;トレーニング;тренировка
298;丼;どんぶり;большая фарфоровая чашка (миска), нашивной карман (рабочего жилета)
299;内科;ないか;терапия
300;内線;ないせん;внутренняя линия
301;;ナイロン;нейлон
302;治す;なおす;лечить, вылечить
303;永い;ながい;долгий, долгое время
304;仲直り;なかなおり;примирение
305;長引く;ながびく;продлиться, тянуться, затянуться (напр. совещание)
306;中身・中味;なかみ;содержимое, содержание
307;中指;なかゆび;средний палец
308;仲良し;なかよし;близость, близкие отношения, близкий друг
309;慰める;なぐさめる;утешить, ободрить, развлечь, поддержать
310;亡くす;なくす;лишиться кого-то из-за смерти
311;殴る;なぐる;бить, колотить, ударять, шлёпать
312;為す;なす;сделать, совершить, выполнить
313;謎々;なぞなぞ;головоломка, тайна, загадка
314;;なだらか;пологий, не крутой, плавный, спокойный
315;懐かしい;なつかしい;дорогой, милый
316;撫でる;なでる;гладить, пригладить
317;斜め;ななめ;косой, наклонный, диагональный
318;何しろ;なにしろ;в любом случае, что ни говори, как бы то ни было
319;何々;なになに;Что?
320;何分;なにぶん;в любом случае, что ни говори, как бы то ни было, как вам известно
321;生意気;なまいき;наглый, дерзкий, нахальный, самодовольный, хвастливый
322;並木;なみき;ряд деревьев (вдоль дороги)
323;倣う;ならう;подражать, следовать, последовать примеру
324;鳴らす;ならす;издавать звук, звонить (в колокол), быть знаменитым
325;生る;なる;приносить плоды, плодоносить
326;馴れる;なれる;привыкнуть, свыкнуться, освоиться, приучиться, сделаться ручным
327;南極;なんきょく;Южный полюс, Антарктида
328;何となく;なんとなく;что-то, как-то, почему-то, ни с того ни с сего
329;何とも;なんとも;ничего, никак, нисколько
330;;ナンバー;номер
331;南米;なんべい;Южная Америка
332;南北;なんぼく;юг и север
333;煮える;にえる;свариться, быть сваренным
334;匂う;におう;пахнуть
335;逃がす;にがす;освободить, выпустить　на　свободу, отпустить, упустить
336;憎い;にくい;ненавистный, отвратительный, противный
337;憎む;にくむ;ненавидеть, питать ненависть
338;憎らしい;にくらしい;ненавистный, отвратительный, раздражающий
339;濁る;にごる;становиться мутным, озвончаться 
340;虹;にじ;радуга
341;日時;にちじ;дата и время
342;日用品;にちようひん;предметы повседневного потребления
343;日課;にっか;урок, домашнее задание, ежедневное занятие
344;日程;にってい;программа, план, распорядок дня
345;鈍い;にぶい;тупой
346;入社;にゅうしゃ;поступление на работу в компанию
347;女房;にょうぼう;жена
348;睨む;にらむ;злобно смотреть, уставиться, следить
349;煮る;にる;варить, тушить
350;俄;にわか;внезапный, неожиданный
351;縫う;ぬう;шить, прошить, зашить
352;濡らす;ぬらす;намочить, увлажнить, окунуть
353;;ねじ;винт, гайка, болт
354;捩る;ねじる;вывернуть, повернуть, свернуть, завинчивать, исказить
355;;ネックレス;ожерелье
356;熱する;ねっする;нагревать, разогревать, раскалить, возбудиться
357;寝間着・寝巻;ねまき;пижама, ночная рубашка
358;狙い;ねらい;цель, прицел, намерение, идея
359;狙う;ねらう;целиться, нацелиться, наметить, следить
360;年度;ねんど;год (финансовый, учебный)
361;農産物;のうさんぶつ;сельскохозяйственная продукция
362;農村;のうそん;село, деревня
363;濃度;のうど;концентрация, плотность, густота
364;農薬;のうやく;ядохимикаты
365;能率;のうりつ;эффективность, производительность, продуктивность
366;鋸;のこぎり;пила
367;残らず;のこらず;все без остатка, целиком, без исключения
368;載せる;のせる;поместить (в газету), записать, публиковать
369;覗く;のぞく;выглянуть, подсматривать, заглянуть
370;延ばす;のばす;откладывать, удлинять (по времени)
371;延びる;のびる;отсрочить, продолжить, удлинить, расширить, растянуть
372;上り;のぼり;подъем, восхождение, следование в столицу
373;上る;のぼる;забираться, поднимать, вознестись, достигнуть
374;糊;のり;клей
375;乗換;のりかえ;пересадка (транспортная)
376;載る;のる;быть помещенным  (напр., в список), быть упомянутым, быть опубликованным
377;;のろのろ;медленно, вяло
378;呑気;のんき;беззаботный, беспечный, небрежный
379;灰色;はいいろ;серый цвет
380;俳句;はいく;хайку (трёхстишие из стихов в 5—7—5 слогов)
381;売店;ばいてん;магазин, лавка, киоск
382;;バイバイ;Пока!
383;売買;ばいばい;торговля, купля-продажа
384;這う;はう;ползти
385;生える;はえる;вырастать, расти, взойти
386;剥す;はがす;отсоединять, срывать, отодрать, лишить
387;馬鹿らしい;ばからしい;глупость, абсурд
388;秤;はかり;весы, безмен
389;量る・測る;はかる;определять весь, взвешивать
390;吐き気;はきけ;тошнота
391;;はきはき;проворно, энергично, быстро
392;掃く;はく;мести, подметать
393;歯車;はぐるま;шестерёнка, зубчатое колесо
394;;バケツ;ведро
395;挟まる;はさまる;быть зажатым с двух сторон, быть прищемленным, лежать между
396;挟む;はさむ;зажать, класть между, заложить
397;梯子;はしご;лестница
398;始めに;はじめに;для начала, в первую очередь
399;初めに;はじめに;в начале чего-либо
400;斜;はす;косой, диагональный, наклонный
401;外れる;はずれる;выскочить, соскользнуть, отцепиться, отстегнуться
402;;パターン;образец, шаблон
403;肌着;はだぎ;нижнее бельё
404;果して;はたして;как и ожидалось, на самом деле
405;鉢;はち;(цветочный) горшок, миска, таз
406;発揮;はっき;проявление, выказывание, демонстрация чего-л.
407;;バック;задний план, фон, подкрепление, задний ход
408;発射;はっしゃ;выстрел, стрельба, запуск(ракеты)
409;発想;はっそう;оформления замысла, идея, выразительность, экспрессия
410;発電;はつでん;выработка электроэнергии
411;発売;はつばい;поступление в продажу, продажа
412;派手;はで;кричащий, яркий, пёстрый
413;話合い;はなしあい;беседа, обсуждение, переговоры
414;話し掛ける;はなしかける;заговорить, обратиться
415;話中;はなしちゅう;в процессе разговора, абонент занят (тел. линия)
416;甚だしい;はなはだしい;чрезмерный, ужасный, огромный, сильный
417;花火;はなび;фейерверк
418;花嫁;はなよめ;невеста
419;放れる;はなれる;покидать, удаляться, освобождаться
420;羽根;はね;крыло, перо
421;発条;ばね;пружина, рессора, упругость
422;跳ねる;はねる;прыгать, скакать, брызнуть, закончиться
423;破片;はへん;обломок, осколок
424;歯磨き;はみがき;зубная паста
425;嵌める・填める・篏める;はめる;вставлять, положить, (разг.) заниматься любовью, завлечь
426;早口;はやくち;быстрая речь, скороговорка
427;流行る;はやる;быть популярным, модным, широко распространенным
428;払い込む;はらいこむ;внести деньги, уплатить
429;払い戻す;はらいもどす;возвращать деньги, делать возврат
430;;バランス;баланс, равновесие
431;針金;はりがね;проволока
432;張り切る;はりきる;быть в духе, собраться с силами
433;反映;はんえい;отражение, рефлексия
434;半径;はんけい;радиус
435;判子;はんこ;печать (факсимиле)
436;万歳;ばんざい;Банзай! Ура!
437;判事;はんじ;судья
438;反省;はんせい;рефлексия, самоанализ, самопроверка
439;番地;ばんち;номер дома, адрес
440;;パンツ;трусы
441;;バンド;музыкальная группа
442;半島;はんとう;полуостров
443;;ハンドル;рычаг, руль
444;日当たり;ひあたり;солнечный, освещенный солнцем
445;日帰り;ひがえり;однодневная поездка
446;比較的;ひかくてき;сравнительно, относительно
447;日陰;ひかげ;тень
448;;ぴかぴか;сверкать, блестеть, сиять, мерцать
449;引受る;ひきうける;принять, взять на себя, гарантировать, поручиться
450;引返す;ひきかえす;возвращать, повторять
451;引算;ひきざん;вычитание
452;引出す;ひきだす;вынимать, вытаскивать, снимать со счёта
453;引き止める;ひきとめる;сдерживать, задерживать, останавливать
454;卑怯;ひきょう;трусость, подлость, робость
455;引分;ひきわけ;ничья
456;陽射;ひしゃ;солнечный свет, солнечные лучи
457;肘;ひじ;локоть
458;;ピストル;пистолет
459;;ビタミン;витамин
460;引っ掛かる;ひっかかる;зацепиться, задеть, попасться, быть обманутым, быть вовлечённым
461;筆記;ひっき;записывание, запись
462;引っ繰り返す;ひっくりかえす;переворачивать, выворачивать, опрокинуть, переворотить вверх дном
463;引っ繰り返る;ひっくりかえる;опрокинуться, перевернуться, упасть
464;引越し;ひっこし;переезд, переселение
465;引っ込む;ひっこむ;отступать, стоять в стороне, удалиться
466;筆者;ひっしゃ;автор
467;必需品;ひつじゅひん;предметы первой необходимости
468;人差指;ひとさしゆび;указательный палец
469;一通り;ひととおり;в общих чертах, бегло, вкратце
470;人通り;ひとどおり;уличное движение (пешеходов)
471;一先ず;ひとまず;пока что, на время, на минутку
472;瞳;ひとみ;зрачок
473;一休み;ひとやすみ;передышка, перерыв
474;独り言;ひとりごと;разговор с самим собой
475;独りでに;ひとりでに;само собой, естественно, автоматически
476;;ビニール;винил
477;皮肉;ひにく;цинизм, сарказм, ирония, насмешка
478;日日;ひび;каждый день, изо дня в день,　ежедневно
479;捻る;ひねる;крутить, закрутить, свернуть, наклонить
480;日の入り;ひのいり;закат
481;日の出;ひので;восход
482;響き;ひびき;звук, звон, грохот, шум, эхо, вибрация, воздействие, влияние
483;響く;ひびく;звучать, звенеть, грохотать, отдаваться эхом, повлиять
484;皮膚;ひふ;кожа
485;冷やす;ひやす;охлаждать, остужать, замораживать
486;百科事典;ひゃっかじてん;энциклопедия
487;美容;びよう;красивая внешность
488;表紙;ひょうし;обложка, папка, переплёт
489;標識;ひょうしき;опознавательный знак, буй
490;標準;ひょうじゅん;стандарт, уровень, норма, критерий
491;標本;ひょうほん;образец, модель, экспонат
492;評論;ひょうろん;критика, рецензия, критический обзор
493;;ビルディング;здание
494;昼寝;ひるね;дневной сон
495;広げる;ひろげる;расширять, распространять, развернуть
496;広さ;ひろさ;ширина, протяжённость, площадь чего-л.
497;広場;ひろば;большая площадь
498;広々;ひろびろ;широкий, просторный, обширный
499;広める;ひろめる;расширять, распространять, довести до всеобщего сведения
500;;ピンク;розовый
501;便箋;びんせん;почтовая бумага, писчая бумага
502;瓶詰;びんづめ;хранить в бутылке, бутилирование
503;;ファスナー;застежка-молния
504;風船;ふうせん;воздушный шар, аэростат
505;不運;ふうん;неудача, несчастье
506;殖える;ふえる;увеличиваться, вырасти
507;深まる;ふかまる;углубляться, усиливаться
508;不規則;ふきそく;нерегулярность, неправильность, несистематичность
509;普及;ふきゅう;распространение
510;付近;ふきん;окрестности, соседство
511;拭く;ふく;вытереть, стереть, вычистить, утереться
512;副詞;ふくし;наречие
513;複写;ふくしゃ;копия, репродукция
514;複数;ふくすう;множественное число
515;含める;ふくめる;включать (в себя), дать указания
516;膨らます;ふくらます;надувать, расширять, взбить
517;膨らむ;ふくらむ;расширяться, надуваться, набухать
518;不潔;ふけつ;грязный, нечистый
519;更ける;ふける;становиться позднее, продвигаться
520;符号;ふごう;знак, символ, код, условный знак
521;夫妻;ふさい;муж и жена, супружеская пара
522;塞がる;ふさがる;быть заслоненным, заблокированным, заткнутым, загроможденным
523;塞ぐ;ふさぐ;закрывать, блокировать, затыкать, заслонять, засорять
524;巫山戯る;ふざける;шутить, шалить, заигрывать, флиртовать
525;武士;ぶし;воин, самурай, боец
526;部首;ぶしゅ;иероглифический ключ
527;襖;ふすま;фусума (раздвижные бумажные двери)
528;附属;ふぞく;включенный, присоединённый, прикреплённый, привязанный
529;蓋;ふた;крышка, покрышка
530;不通;ふつう;прекращение сообщения (поездов), перерыв в движении
531;;ぶつかる;налететь, наткнуться, попасться
532;;ぶつける;сталкивать, удариться, швырнуть
533;物騒;ぶっそう;беспокойный, тревожный, опасный
534;;ぶつぶつ;ворчать, жаловаться, бормотать, сыпь
535;船便;ふなびん;морская почта, пароходное сообщение
536;部品;ぶひん;составные части, деталь, запчасти
537;吹雪;ふぶき;метель, пурга, вьюга
538;父母;ふぼ;отец и мать, родители
539;踏切;ふみきり;ж/д переезд, переход, отталкивание, место трамплина
540;麓;ふもと;подошва, подножие
541;増やす;ふやす;увеличивать, прибавлять, расширять
542;;フライパン;сковорода
543;;ブラウス;блузка
544;;ぶらさげる;висеть, болтаться, свешиваться
545;;ブラシ;щётка, кисть
546;;プラスチック;пластик
547;;プラットホーム;платформа
548;;フリー;свободный, вольный
549;振り仮名;ふりがな;фуригана
550;;プリント;распечатка, печать, печатный оттиск
551;振舞う;ふるまう;вести себя
552;;ブローチ;брошь
553;;プログラム;компьютерная программа 
554;風呂敷;ふろしき;фуросики (цветной платок для завязывания в него вещей)
555;;ふわふわ;мягкий, нежный, непостоянный, колеблющийся
556;噴火;ふんか;извержение (вулкана)
557;分解;ぶんかい;расщепление, разложение, демонтаж, анализ
558;文芸;ぶんげい;художественная литература
559;文献;ぶんけん;литература, список книг (в библиографии), документы
560;噴水;ふんすい;фонтан
561;分数;ぶんすう;дробь
562;文体;ぶんたい;литературный стиль, стилистика
563;分布;ぶんぷ;распределение, расположение, распространение
564;文房具;ぶんぼうぐ;канцелярские принадлежности
565;文脈;ぶんみゃく;контекст, связь слов и предложений
566;分量;ぶんりょう;количество, доза
567;分類;ぶんるい;классификация, сортировка
568;閉会;へいかい;закрытие, окончание (церемонии, собрания и т.п.)
569;平気;へいき;спокойный, невозмутимый, хладнокровный, равнодушный
570;並行;へいこう;параллелизм
571;平日;へいじつ;будни
572;兵隊;へいたい;солдат, войска
573;平凡;へいぼん;обычный, тривиальный, заурядный, посредственный
574;平野;へいや;равнина, открытое поле
575;凹む;へこむ;вгибаться, оседать, поддаваться (при нажатии), струсить
576;臍;へそ;пуп, пупок
577;隔てる;へだてる;разделить, загородить, отдалить
578;別荘;べっそう;дача, загородный дом
579;別々;べつべつ;отдельный, раздельный
580;;ベテラン;ветеран, опытный работник
581;;ヘリコプター;вертолёт
582;;ぺん;ручка, перо, литературный труды
583;編集;へんしゅう;редактирование, составление, приготовление к печати
584;便所;べんじょ;туалет
585;;ペンチ;щипцы, плоскогубцы, клещи
586;望遠鏡;ぼうえんきょう;телескоп
587;方角;ほうがく;направление
588;箒;ほうき;метла, веник
589;方言;ほうげん;диалект
590;坊さん;ぼうさん;буддийский монах
591;防止;ぼうし;предотвращение
592;方針;ほうしん;курс, направление, политическая линия, план
593;包装;ほうそう;упаковка
594;法則;ほうそく;правило, закон
595;包帯;ほうたい;повязка, перевязка, бинт
596;膨大;ぼうだい;расширение, разбухание, опухание
597;庖丁;ほうちょう;кухонный нож
598;方程式;ほうていしき;уравнение, формула
599;防犯;ぼうはん;предотвращение совершения преступления
600;方面;ほうめん;направление, местность, сторона, сфера, область (изучения)
601;坊や;ぼうや;мальчик
602;放る;ほうる;кидать, бросать, оставить
603;;ボーナス;бонус, премия
604;朗らか;ほがらか;яркий, жизнерадостный, веселый
605;牧場;ぼくじょう;скотоводческая ферма, ранчо, пастбище
606;牧畜;ぼくちく;скотоводство
607;保健;ほけん;здравоохранение, гигиена, санитария
608;募集;ぼしゅう;набор, призыв, вербовка
609;干す;ほす;высушить, проветрить, провялить, опорожнить
610;;ポスター;афиша, плакат, объявление
611;北極;ほっきょく;Северный Полюс
612;坊っちゃん;ぼっちゃん;мальчик, неопытный человек, (чей-то) сын
613;解く;ほどく;развязать, расстегнуть, распустить, распутать
614;堀;ほり;ров, канал, канава, траншея, окоп
615;掘る;ほる;копать, вырыть, бурить
616;彫る;ほる;вырезать, гравировать, делать татуировку
617;;ぼろ;лохмотья, тряпки, рухлядь, недостатки
618;盆;ぼん;поднос
619;盆地;ぼんち;котловина, низина, впадина
620;本部;ほんぶ;штаб, главное управление, дивизия
621;本来;ほんらい;изначально, первоначально, в основе
622;;まあまあ;так себе, не очень
623;枚数;まいすう;число страниц, листаж, объем
624;毎度;まいど;каждый раз, всегда, постоянно
625;;マイナス;минус
626;巻く;まく;свернуть, скатать, намотать, скрутить
627;蒔く;まく;сеять
628;撒く;まく;разбросать, рассеять, разбрызгать
629;枕;まくら;подушка, валик
630;曲げる;まげる;сгибать, искривлять, наклонять, поворачивать, искажать
631;;まごまご;смущаться, быть в замешательстве
632;摩擦;まさつ;трение, тереть, конфликты, разногласия
633;混ざる・混じる;まざる・まじる;быть смешанным (перемешанным), быть примешанным, быть разбавленным
634;;マスク;маска, противогаз
635;混ぜる・交ぜる;まぜる;перемешивать (без слияния компонентов)
636;跨ぐ;またぐ;перешагивать, переступать
637;待合室;まちあいしつ;зал ожидания, комната ожидания
638;待ち合わせる;まちあわせる;встретиться, ждать кого-то
639;街角;まちかど;угол улицы
640;真っ暗;まっくら;совершенно тёмный
641;真っ黒;まっくろ;чёрный как смоль
642;真っ青;まっさお;тёмно-синий, бледный (цвет лица)
643;真っ先;まっさき;в первую очередь,прежде всего
644;真っ白;まっしろ;белоснежный
645;祭る;まつる;обожествлять, поклоняться
646;窓口;まどぐち;окошко (кассы, информационного бюро и т.п.)
647;纏まる;まとまる;быть улаженным, объединенным, упорядоченным, законченным
648;纏める;まとめる;привести в порядок, довести до конца, уладить, собрать
649;真似る;まねる;имитировать, подражать, следовать примеру
650;眩しい;まぶしい;ослепительный, яркий
651;瞼;まぶた;веки
652;;マフラー;шарф
653;間も無く;まもなく;скоро, в скором времени, вскоре
654;;マラソン;марафон
655;稀;まれ;редкий, необычный, ненормальный
656;回り道;まわりみち;объезд, окольный путь, крюк
657;満員;まんいん;быть заполненным, быть без свободных мест (кино, кафе)
658;;マンション;многоквартирный дом, жилой дом
659;満点;まんてん;высшая оценка, совершенство, безупречность
660;見送る;みおくる;провожать, прощаться, проводить глазами, оставить без изменений, отложить
661;見下ろす;みおろす;посмотреть сверху вниз, свысока
662;見掛け;みかけ;внешний вид, наружность, внешность
663;三日月;みかづき;молодой месяц, новолуние, лунный серп
664;岬;みさき;мыс
665;;みじめ;жалкий, бедный, несчастный
666;;ミシン;швейная машина
667;店屋;みせや;магазин, лавка
668;見出し;みだし;заголовок
669;道順;みちじゅん;кратчайшая дорога, правильный путь, путь следования
670;;みっともない;позорный, неприличный, безобразный, жалкий
671;見直す;みなおす;пересмотреть, посмотреть еще раз
672;見慣れる;みなれる;привыкать, привыкнуть видеть
673;醜い;みにくい;уродливый, непривлекательный, безобразный, позорный
674;実る;みのる;приносить плоды, созревать, уродиться
675;身分;みぶん;класс, сословие, общественное положение
676;見本;みほん;образец, пробный экземпляр
677;見舞う;みまう;навестить, проведать (больного, пострадавших)
678;未満;みまん;менее, недостаточно
679;名字;みょうじ;фамилия
680;;ミリ;милли-, миллиметр, миллиграмм
681;診る;みる;осматривать пациента
682;民間;みんかん;частный, гражданский, негосударственный, народный
683;民謡;みんよう;народная песня, фольклор
684;向う;むこう;противоположная сторона, напротив, место назначения
685;剥く;むく;очищать от кожуры, ободрать, содрать
686;無限;むげん;бесконечный, безграничный, неизмеримый
687;無地;むじ;гладкий, без рисунка, без узора
688;蒸し暑い;むしあつい;душный, знойный
689;矛盾;むじゅん;противоречие
690;蒸す;むす;варить на пару, парить, пропарить
691;無数;むすう;бесчисленный, несметный, бессчетный
692;紫;むらさき;фиолетовый, лиловый
693;群れ;むれ;группа, толпа, сборище, стадо, стая, рой
694;姪;めい;племянница
695;名作;めいさく;шедевр
696;名刺;めいし;визитная карточка
697;名詞;めいし;имя существительное
698;名所;めいしょ;известное место, достопримечательность
699;命ずる;めいずる;командовать, приказывать, распоряжаться
700;迷信;めいしん;суеверие
701;名物;めいぶつ;достопримечательность, популярный товар, замечательный продукт
702;銘々;めいめい;каждый, индивидуально, соответственно
703;目上;めうえ;начальство, вышестоящий по положению
704;;メーター;счётчик, прибор для измерения
705;恵まれる;めぐまれる;быть наделенным (напр. талантом), быть одаренным
706;巡る;めぐる;ходить вокруг, возвращаться, окружать, вращаться
707;目指す;めざす;наметить, поставить целью, добиваться
708;目覚し;めざまし;будильник
709;目下;めした;подчиненный, нижестоящий по положению
710;目印;めじるし;отличительный знак, ориентир, примета, цель
711;目立つ;めだつ;выделяться, привлекать внимание, бросаться в глаза
712;;めちゃくちゃ;абсурд, бессмыслица, беспорядок, крайность
713;;めっきり;заметно, очень, весьма
714;;めでたい;счастливый, благоприятный, радостный
715;;メニュー;меню
716;目眩;めまい;головокружение
717;目安;めやす;критерий, норма, цель, прицел
718;免税;めんぜい;освобождение от налогов, пошлины
719;面積;めんせき;площадь (мат.), поверхность
720;面接;めんせつ;интервью, прием, встреча
721;面倒臭い;めんどうくさい;беспокойный, утомительный, надоедливый
722;儲かる;もうかる;быть прибыльным, приносить прибыль, выручить деньги
723;儲ける;もうける;получать прибыль, зарабатывать, извлекать пользу
724;申し訳ない;もうしわけない;Извините! непростительный, большое спасибо (за помощь)
725;;モーター;мотор, двигатель
726;木材;もくざい;древесина, лесоматериал
727;目次;もくじ;содержание, оглавление
728;潜る;もぐる;нырять, заползать
729;;もしかしたら・もしかすると;возможно, может быть
730;;もたれる;опираться, прислоняться, облокачиваться
731;;モダン;современный, модный
732;餅;もち;моти (рисовая лепешка)
733;;もったいない;расточительно, незаслуженно, грешно
734;;モデル;модель
735;元々;もともと;изначально, от природы
736;物置;ものおき;кладовая
737;物語る;ものがたる;рассказывать, повествовать, свидетельствовать
738;物差し;ものさし;линейка, мерка
739;物凄い;ものすごい;жуткий, страшный, ужасный
740;;モノレール;монорельсовая дорога
741;紅葉;もみじ;красные кленовые листья
742;揉む;もむ;тереть, мять, массировать
743;燃やす;もやす;сжечь, зажечь, воспламенить
744;催し;もよおし;устроительство, фестиваль, собрание, празднество
745;盛る;もる;подавать (еду), накладывать, давать лекарство, приготовить
746;問答;もんどう;вопросы и ответы, диалог
747;;やかましい;шумный, надоедливый, докучливый, придирчивый
748;夜間;やかん;ночное время
749;薬缶;やかん;металлический чайник
750;役者;やくしゃ;актёр, актриса, действующее лицо
751;役所;やくしょ;государственное учреждение, служба
752;訳す;やくす;переводить
753;役人;やくにん;чиновник, должностное лицо, сотрудник
754;薬品;やくひん;медикаменты
755;役目;やくめ;обязанность, служба
756;火傷;やけど・かしょう;ожог
757;夜行;やこう;следующий ночью (напр. поезд)
758;矢印;やじるし;стрелка
759;矢鱈に;やたらに;как попало, необдуманно, неосмотрительно, опрометчиво
760;薬局;やっきょく;аптека
761;遣付ける;やっつける;нападать, накинуться, побить, расправиться
762;家主;やぬし;домовладелец
763;;やっぱり;также, тоже, все ещё, всё равно, как ожидалось
764;破く;やぶく;рвать, разрывать
765;破れる;やぶれる;разорваться, сломаться, разбиться, потерпеть неудачу
766;止むを得ない;やむをえない;неизбежный, вынужденный, неотложный
767;遊園地;ゆうえんち;парк аттракционов
768;夕刊;ゆうかん;вечерняя газета
769;友好;ゆうこう;дружба
770;郵送;ゆうそう;отправка по почте
771;夕立;ゆうだち;ливень, проливной дождь
772;夕日;ゆうひ;заходящее солнце
773;悠々;ゆうゆう;тихий, спокойный, неторопливый, вечный
774;有料;ゆうりょう;плата
775;浴衣;ゆかた;юката (летнее кимоно)
776;湯気;ゆげ;пар
777;輸血;ゆけつ;переливание крови
778;輸送;ゆそう;транспортировка, перевозка
779;油断;ゆだん;халатность, небрежность, неосторожность
780;茹でる;ゆでる;сварить
781;湯飲み;ゆのみ;чайная чашка
782;緩い;ゆるい;свободный (напр. одежда), нетугой, неплотный, слабый, отлогий, медленный
783;溶岩;ようがん;лава
784;容器;ようき;контейнер, сосуд
785;用語;ようご;термин, терминология, словарь, выражение, язык
786;要旨;ようし;суть, основы, краткое изложение
787;幼児;ようじ;маленький ребёнок
788;容積;ようせき;объем, вместимость, кубатура
789;幼稚;ようち;детский, незрелый, наивный, примитивный
790;幼稚園;ようちえん;детский сад
791;用途;ようと;использование, применение, цель использования, употребление
792;洋品店;ようひんてん;галантерейный магазин
793;養分;ようぶん;питание
794;羊毛;ようもう;шерсть
795;漸く;ようやく;в конце концов, с большим трудом, постепенно, мало-помалу
796;要領;ようりょう;суть, сущность, общий смысл, очерк
797;欲張り;よくばり;жадность, алчность
798;余計;よけい;излишек
799;遣す･寄越す;よこす;отправлять, передавать, прислать
800;汚す;よごす;пачкать, загрязнять, замарать,  испортить
801;寄せる;よせる;приближать, пододвигать, отодвигать, соединять
802;余所;よそ;вне, другое место, другой, чужой
803;四つ角;よつかど;перекрёсток
804;酔っ払い;よっぱらい;пьяный, пьяница 
805;予備;よび;запас, резерв, подготовка
806;呼び掛ける;よびかける;окликнуть, воззвать, обратиться
807;呼び出す;よびだす;вызвать, позвонить по телефону
808;蘇る;よみがえる;воскресать, ожить, освежиться
809;因る;よる;основываться на, зависеть от
810;慶び;よろこび;радость, восторг, поздравление
811;慶ぶ;よろこぶ;поздравлять, радоваться
812;来日;らいにち;приезд в Японию
813;落第;らくだい;провал (на экзамене)
814;;ラッシュアワー;час пик
815;欄;らん;колонка, столбец, графа, рубрика, перила
816;;ランチ;ланч
817;;ランニング;бег
818;乱暴;らんぼう;буйство, грубость, хулиганство
819;理科;りか;естественные науки
820;利害;りがい;интересы, выгоды и убытки, преимущества и недостатки
821;;リズム;ритм
822;;リットル;литр
823;;リボン;ленточка
824;略す;りゃくす;сокращать, опускать
825;流域;りゅういき;бассейн реки
826;寮;りょう;общежитие
827;両側;りょうがわ;обе стороны
828;漁師;りょうし;рыбак
829;領事;りょうじ;консул
830;領収;りょうしゅう;получение
831;臨時;りんじ;экстренный, чрезвычайный, внеочередной, временный
832;留守番;るすばん;присмотр за домом
833;例外;れいがい;исключение
834;零点;れいてん;ноль
835;冷凍;れいとう;замораживание
836;;レインコート;дождевик
837;;レクリェーション;отдых, развлечение, освежение
838;;レジャー;отдых, свободное время, досуг
839;列島;れっとう;архипелаг
840;;レベル;уровень
841;;リポート;доклад, отчет
842;煉瓦;れんが;кирпич
843;連合;れんごう;объединение, союз, ассоциация, коалиция
844;;レンズ;линза
845;蝋燭;ろうそく;свеча
846;;ローマじ;латиница, латинские буквы
847;録音;ろくおん;аудиозапись
848;;ロッカー;запирающийся шкафчик
849;;ロビー;вестибюль, фойе
850;論ずる;ろんずる;спорить, обсуждать, полемизировать, трактовать
851;和英;わえい;японско-английский
852;分る;わかる;быть ясным, понятным, понятым
853;分かれる;わかれる;отделиться, разобщиться, разделиться, ответвиться
854;若々しい;わかわかしい;молодой, юношеский
855;湧く;わく;бить ключом, литься потоком, зародиться
856;詫びる;わびる;извиняться, просить прощения
857;和服;わふく;японская одежда
858;割算;わりざん;деление
859;割と;わりと;сравнительно, относительно
860;割引;わりびき;скидка
861;椀;わん;деревянная чаша
862;碗;わん;фарфор
863;;ワンピース;платье
864;交じる;まじる;быть разбавленным, быть примешанным, присоединиться
865;交ざる;まざる;смешиваться, быть смешанным, перемешаться (до однородной субстанции)
866;混ぜる;まぜる;смешивать, примешивать (до однородной массы)
867;逃す;のがす;упустить, потерять, дать убежать
868;殖やす;ふやす;увеличивать, преумножать, расширять
869;難い;かたい・にくい;трудный, сложный
